text,polarity,subjectivity,sentiment,neg,neu,pos,compound,text_len,text_word_count,rise
rhipe and avepoint ink apac distie deal for microsoft focused migration and backup solutions https t co 6ojqnxjpfo ,0.0,0.0,positive,0.0,1.0,0.0,0.0,115,18,1
 microsoft https t co bocy6o12mg ,0.0,0.0,neutral,0.0,1.0,0.0,0.0,33,5,0
 2 the trove of information comes from nabpac the trade association for corporate pacs board members include microsoft ,0.0,0.0,neutral,0.0,1.0,0.0,0.0,119,18,0
ven a bien hasta que me acord de que github es un producto de microsoft ,0.0,0.0,neutral,0.0,1.0,0.0,0.0,72,15,1
just earned my combine the power of schoology and microsoft teams on the microsoft educator center you can check o https t co tayzwme6vi ,-0.1,0.1,neutral,0.0,1.0,0.0,0.0,137,24,1
 kiwilesurvivant i like platinum games,0.0,0.0,positive,0.0,1.0,0.0,0.0,38,5,0
 the semillero the united states in world affairs will host a lecture by professor amanda hollis brusky hollisbrusky bio ,0.0,0.0,positive,0.0,1.0,0.0,0.0,121,19,1
 yet again this week i m finding microsoft docs invaluable and i m still amazed and surprised by the quality i m doing the a ,0.1,0.9,positive,0.0,1.0,0.0,0.0,125,25,1
azure iot edge https t co u9xjurlpla iot developer m0rdecai microsoft bro its not microsoft problem for palestine that on united nations or nato or whatever idk hey microsoft iam friends where can i find the latest version of this infographic it s out of date markwahl https t co vfztnrg7rk melinda gates poses with her kids but no bill in first twitter post since announcing divorce from microsoft billionaire ,0.375,0.6166666666666667,positive,0.0,1.0,0.0,0.0,411,70,1
htt ,0.0,0.0,neutral,0.0,1.0,0.0,0.0,4,1,1
 if the microsoft apps had a teams meeting teacherappreciationweek microsoftedu sponsored https t co geg3misktm ,0.0,0.0,neutral,0.0,1.0,0.0,0.0,112,15,1
upgrading to microsoft 365 office 365 bring a productivity speaker amp microsoft certified trainer to your next me https t co fo7wyx0ynv,0.0,0.0,neutral,0.0,1.0,0.0,0.0,136,22,1
i won the a long excursion achievement in microsoft wordament mobile for 327 points on trueachievements https t co tbwsiypguk ,-0.05,0.4,positive,0.0,1.0,0.0,0.0,126,20,1
 i think us microsoft users deserve a lil something for our troubles as well ,0.0,0.0,negative,0.0,1.0,0.0,0.0,77,14,1
 please join us for a chi2021 panel may 11 10 11am pt discussing research from microsoft during the pandemic and insights on ,0.0,0.0,positive,0.0,1.0,0.0,0.0,125,22,1
 we ve unblocked all identified users who were unable to send new messages,-0.1818181818181818,0.4772727272727273,neutral,0.0,1.0,0.0,0.0,74,13,1
new guide from bounteous on structured logging in microsoft s azure application insights including tips and project https t co 1ni1ew5enf ,0.1363636363636363,0.4545454545454545,neutral,0.0,1.0,0.0,0.0,138,21,1
 dimension9426 fablereboot alejandroid1979 joneblaze426 netflix is the top 5 companies in the world,0.5,0.5,positive,0.0,1.0,0.0,0.0,99,13,1
got invited to try the microsoft xcloud beta and gotta say it s bad,-0.6999999999999998,0.6666666666666666,negative,0.0,1.0,0.0,0.0,67,14,1
 europapress,0.0,0.0,neutral,0.0,1.0,0.0,0.0,12,1,1
 lots of posts about the new microsoft azure logo,0.1363636363636363,0.4545454545454545,neutral,0.0,1.0,0.0,0.0,49,9,1
 please join us for a chi2021 panel may 11 10 11am pt discussing research from microsoft during the pandemic and insights on ,0.0,0.0,positive,0.0,1.0,0.0,0.0,125,22,1
 microsoft seaford ,0.0,0.0,neutral,0.0,1.0,0.0,0.0,19,2,1
 mymixtapez what about us the microsoft users we need a settlement too ,0.0,0.0,neutral,0.0,1.0,0.0,0.0,71,12,1
 mymixtapez what about us the microsoft users we need a settlement too ,0.0,0.0,neutral,0.0,1.0,0.0,0.0,71,12,1
 melinda gates breaks twitter silence after announcing divorce with post on resilience https t co fkknnc1ego ,0.0,0.0,neutral,0.0,1.0,0.0,0.0,109,16,1
 after the pycon us keynote,0.0,0.0,neutral,0.0,1.0,0.0,0.0,27,5,1
microsoft s windows 10x woes show why apple won t unify macos,0.0,0.0,positive,0.0,1.0,0.0,0.0,61,12,1
 gartner inc all steps2 contain c19 is stringnt now nasscom busi i e few emp on holiday mayb due2 c19 will b bk s https t co pykeparwnm ,-0.2,0.1,positive,0.0,1.0,0.0,0.0,136,28,1
 microsoft stop funding traitors https t co g12vgltrw0 ,0.0,0.0,negative,0.0,1.0,0.0,0.0,55,8,1
 monntolentino windowsinsider alumia italia windowsblog windowscentral microsofterses zacbowden something ver https t co yozza7ilcy ,0.0,0.0,neutral,0.0,1.0,0.0,0.0,132,14,1
 c r 5 jncleary caramachete methodicalmemes you ponies are happy for what you do for sony we are happy for what https t co ooj8v9kaqe ,0.8,1.0,positive,0.0,1.0,0.0,0.0,134,25,1
 juddlegum mikeduhaime hey mikey we the believers in democracy will make sure it is more than a one day story https t co un1wc00y8b ,0.5,0.6944444444444444,positive,0.0,1.0,0.0,0.0,132,24,1
 ife adebayo,0.0,0.0,neutral,0.0,1.0,0.0,0.0,12,2,1
 2 the trove of information comes from nabpac the trade association for corporate pacs board members include microsoft ,0.0,0.0,neutral,0.0,1.0,0.0,0.0,119,18,1
 cienciadedatos ingenieros,0.0,0.0,neutral,0.0,1.0,0.0,0.0,26,2,1
 fucking microsoft charged me for xbox gold even tho it was only supposed to be a one time payment last year so now i m down ,-0.1888888888888888,0.5388888888888889,negative,0.0,1.0,0.0,0.0,125,26,1
microsoft announces second cycle of ai for good accelerator program https t co lc5wvkqesp ,0.35,0.3,positive,0.0,1.0,0.0,0.0,90,14,1
 some good news,0.7,0.6000000000000001,positive,0.0,1.0,0.0,0.0,15,3,1
 erii hime erii hime i get it microsoft some people had to pay if they went xbox gold will not good ,-0.35,0.6000000000000001,negative,0.0,1.0,0.0,0.0,100,21,1
 artificial intelligence market revenue,-0.6,1.0,positive,0.0,1.0,0.0,0.0,39,4,1
 the pentagon is reconsidering how to make a massive shift to cloud computing,0.0,1.0,neutral,0.0,1.0,0.0,0.0,77,13,1
 asia pacific markets set for cautious start after u s stocks decline overnight u s markets fell overnight as i https t co sl7hmi87pn ,0.0,0.0,negative,0.0,1.0,0.0,0.0,134,24,1
 microsoft excel is unnecessarily hard to understand ,-0.2916666666666667,0.5416666666666666,positive,0.0,1.0,0.0,0.0,53,7,1
 therock steveaustinbsr wweuniverse johncena psndown microsoft playstation starwars fansoflivepd dell https t co otxz2k0vbo ,0.0,0.0,neutral,0.0,1.0,0.0,0.0,124,14,1
 ecockpit89 mevans2703 i can see microsoft and nintendo making a full on partnership console within the next gen a https t co xrzd3mo2po ,0.175,0.275,neutral,0.0,1.0,0.0,0.0,137,23,1
 today,0.0,0.0,neutral,0.0,1.0,0.0,0.0,6,1,1
desinstal microsoft teams as que ahora no se me va a trabar m s la pc cuando inicia,0.0,0.0,negative,0.0,1.0,0.0,0.0,83,18,1
i treid to redesign windows by my own i was inspired by vastglad zeealeid you re doing very good job guys https t co 3x3hnbde1c ,0.7549999999999999,0.8900000000000001,positive,0.0,1.0,0.0,0.0,128,25,1
well this is a new one outlook microsoft office workflow interrupted https t co gzlhzhrk9p ,0.1363636363636363,0.4545454545454545,negative,0.0,1.0,0.0,0.0,91,15,1
 we re working on bringing ebpf to windows https t co dfm0zvhee4 ,0.0,0.0,neutral,0.0,1.0,0.0,0.0,65,12,1
 having a problem getting mail on time here is the answer,0.0,0.0,negative,0.0,1.0,0.0,0.0,57,11,1
 ebpf is coming to windows https t co ez3mmambor ,0.0,0.0,neutral,0.0,1.0,0.0,0.0,49,9,1
smart glasses market size 2021,0.2142857142857142,0.6428571428571429,positive,0.0,1.0,0.0,0.0,30,5,1
 2 the trove of information comes from nabpac the trade association for corporate pacs board members include microsoft ,0.0,0.0,neutral,0.0,1.0,0.0,0.0,119,18,1
pent gono estudia cancelar multimillonario contrato adjudicado a microsoft que lo enfrenta con amazon https t co mnpcqxkzfb ,0.0,0.0,positive,0.0,1.0,0.0,0.0,124,18,1
 mrs carm nerdpyle microsoft should i explain this i like my explanation the best ,1.0,0.3,positive,0.0,1.0,0.0,0.0,82,14,1
did you know there is a free tier available for azurecosmosdb yup your eyes aint deceiving you free as i https t co ii3a5dpzfm ,0.4000000000000001,0.6666666666666666,positive,0.0,1.0,0.0,0.0,127,24,1
 if i hadn t taken phd econometrics that same quarter and done well,0.0,0.125,positive,0.0,1.0,0.0,0.0,67,13,1
 ajaforcongress jamescheef the problem we have is the the us government forced software companies like microsoft,-0.3,0.2,negative,0.0,1.0,0.0,0.0,112,16,1
 ever wondered about exporting your azure ad config we built this azure ad exporter module for an internal hackathon and have o ,0.0,0.0,neutral,0.0,1.0,0.0,0.0,128,22,1
 try the playbook at https t co eat3g3fryl ,0.0,0.0,neutral,0.0,1.0,0.0,0.0,43,8,1
 joowcp poxa microsoft,0.0,0.0,neutral,0.0,1.0,0.0,0.0,22,3,1
refer to azure infrastructure architect map to have a high level overview of the target platform service components https t co pbf1yapnma ,0.16,0.5399999999999999,neutral,0.0,1.0,0.0,0.0,138,22,1
 nabpac microsoft kraftheinzco lillypad homedepot cigna 3 a march nabpac webinar featured gop operative mikeduhaime ,0.0,0.0,neutral,0.0,1.0,0.0,0.0,116,15,1
end of the semester and my engineering class is showing us the basics on how to make spreadsheets in microsoft exce https t co nmtc5h8jze ,0.0,0.0,neutral,0.0,1.0,0.0,0.0,138,25,1
 icymi microsoft president brad smith told jolingkent the world is facing rising cyber threats both from criminals and nation s ,0.0,0.0,negative,0.0,1.0,0.0,0.0,128,20,1
 2 the trove of information comes from nabpac the trade association for corporate pacs board members include microsoft ,0.0,0.0,neutral,0.0,1.0,0.0,0.0,119,18,1
 craig2077 nintendo mario microsoft halo playstation tpg ,0.0,0.0,neutral,0.0,1.0,0.0,0.0,57,7,1
 the pentagon is reconsidering how to make a massive shift to cloud computing,0.0,1.0,neutral,0.0,1.0,0.0,0.0,77,13,1
 nabpac microsoft kraftheinzco lillypad homedepot cigna 3 a march nabpac webinar featured gop operative mikeduhaime ,0.0,0.0,neutral,0.0,1.0,0.0,0.0,116,15,1
 2 the trove of information comes from nabpac the trade association for corporate pacs board members include microsoft ,0.0,0.0,neutral,0.0,1.0,0.0,0.0,119,18,1
 atomhawk but in all honesty,0.0,0.0,positive,0.0,1.0,0.0,0.0,28,5,1
2011 10 msbuild 5 25 27 https t co muagbt8ytm https t co jvk4etjluz ,0.0,0.0,neutral,0.0,1.0,0.0,0.0,68,14,1
 ife adebayo,0.0,0.0,neutral,0.0,1.0,0.0,0.0,12,2,1
 px4autopilot auterion 96boards microsoft nxp thanks for your sponsorship ,0.2,0.2,positive,0.0,1.0,0.0,0.0,74,9,1
microsoft drops windows 10x before it ever launched https t co i7miqesfrx https t co kks5cxgjd7 ,0.0,0.0,positive,0.0,1.0,0.0,0.0,96,16,1
 ethereum 480 billion microsoft 1 87 trillion google 1 55 trillion facebook 867 billion only one is creating the ,0.0,1.0,positive,0.0,1.0,0.0,0.0,113,19,1
 microsoft i have a lot of ms paint art i did in my teens but most of them is fanart and ocs so i ll leave this o https t co njdh4udfru ,0.5,0.5,negative,0.0,1.0,0.0,0.0,136,32,1
 nabpac microsoft kraftheinzco lillypad homedepot cigna 3 a march nabpac webinar featured gop operative mikeduhaime ,0.0,0.0,neutral,0.0,1.0,0.0,0.0,116,15,1
 2 the trove of information comes from nabpac the trade association for corporate pacs board members include microsoft ,0.0,0.0,neutral,0.0,1.0,0.0,0.0,119,18,1
 2 the trove of information comes from nabpac the trade association for corporate pacs board members include microsoft ,0.0,0.0,neutral,0.0,1.0,0.0,0.0,119,18,1
 and chevy was the worst athlete and microsoft was the cheapest business and the terminator never partied and three https t co mjpv5c6b3f ,-1.0,1.0,negative,0.0,1.0,0.0,0.0,138,23,1
 phishing attacks remain a prevalent threat to your business discover how microsoft defender for office 365 can help prot ,0.0,0.0,negative,0.0,1.0,0.0,0.0,122,19,1
 amazon i lem ncesi ve sonras take profit the pentagon is reconsidering how to make a massive shift to cloud computing suggesting it could scrap the so called jed ,0.0,1.0,positive,0.0,1.0,0.0,0.0,163,29,1
 microsoft https t co ibfrv4nqve ,0.0,0.0,neutral,0.0,1.0,0.0,0.0,33,5,1
 microsoft has reportedly stopped development of windows 10x https t co mb2pyspvr3 https t co yzvyrg8uwn ,0.0,0.0,negative,0.0,1.0,0.0,0.0,105,16,1
 with the new azure percept developer kit,0.1363636363636363,0.4545454545454545,neutral,0.0,1.0,0.0,0.0,41,7,1
 patchnotesnews jjumbleup petercarter colteastwood dealer gaming i wouldn t expect you to m8,0.0,0.0,positive,0.0,1.0,0.0,0.0,92,13,1
 methodicalmemes lmaol it seem the new ip announcement made you cry when you felt the need to make this pic post https t co qjqvxzn1lw ,0.1363636363636363,0.4545454545454545,negative,0.0,1.0,0.0,0.0,135,25,1
melinda gates breaks twitter silence after announcing divorce with post on resilience https t co vgg0ymst46 ,0.0,0.0,neutral,0.0,1.0,0.0,0.0,108,16,1
 benshapiro pentagon is hopefully about to dump jedi cloud contract from microsoft how about you talk about that a https t co odk4v2ezth ,0.0,0.0,positive,0.0,1.0,0.0,0.0,137,23,1
 microsoft https t co gakdouchy4 ,0.0,0.0,neutral,0.0,1.0,0.0,0.0,33,5,1
 mymixtapez what about us the microsoft users we need a settlement too ,0.0,0.0,neutral,0.0,1.0,0.0,0.0,71,12,1
 ya viste que la documentaci n de c y otras tecnolog as de microsoft ahora son interactivas esto a ade un editor y c ,0.0,0.0,neutral,0.0,1.0,0.0,0.0,117,24,1
 icymi microsoft president brad smith told jolingkent the world is facing rising cyber threats both from criminals and nation s ,0.0,0.0,negative,0.0,1.0,0.0,0.0,128,20,1
 participe la ejrlbnet le invita a participar en nuestra conferencia virtual la perspectiva de g nero en la corte inte ,0.0,0.0,neutral,0.0,1.0,0.0,0.0,119,20,1
microsoft is giving xbox one insiders a chance to reserve a series x s https t co eyaui0ov0s ,0.0,0.0,positive,0.0,1.0,0.0,0.0,93,18,1
 pedrohcgs microsoft vanderbiltecon seria timo rever voc s numa data t o querida saudades ,0.0,0.0,neutral,0.0,1.0,0.0,0.0,90,14,1
 microsoft starts rolling out its webinars feature in teams zdnet https t co ycydwsn8ea maryjofoley ,0.0,0.0,neutral,0.0,1.0,0.0,0.0,100,15,1
new details about bill and melinda gates divorce https t co ql0s73cjib bill gates microsoft israel jeffrey epstein jewish ,0.0681818181818181,0.2272727272727272,neutral,0.0,1.0,0.0,0.0,122,19,1
 liberar espacio en el discoduro puede aumentar el rendimiento del sistema mira y aprende c mo haz clic para obtene ,0.0,0.0,neutral,0.0,1.0,0.0,0.0,116,20,1
remote working has exacerbated the risk of an email data breach even more for microsoft users,0.2,0.35,negative,0.0,1.0,0.0,0.0,93,16,1
 redsteeze who funds ecohealth alliance vehicle for fauci s funding bill and melinda gates fdn also invested in moderna ,0.0,0.0,neutral,0.0,1.0,0.0,0.0,120,19,1
 i matched with this girl on tinder and when i got to her house i saw she had a trump 2020 poster by her windows,0.0,0.0,neutral,0.0,1.0,0.0,0.0,112,25,1
 laurie garrett microsoft https t co ow0wjq97dm still works ,0.0,0.0,neutral,0.0,1.0,0.0,0.0,60,9,1
 whoa,0.0,0.0,neutral,0.0,1.0,0.0,0.0,5,1,1
microsoft annonce microsoft cloud pour la vente au d tail https t co ottyiguxry ,0.0,0.0,neutral,0.0,1.0,0.0,0.0,80,14,0
 microsofthelps i have a microsoft rewards problem i have a ticket but it s been 24 hours since anybody has said anything ,0.0,0.0,positive,0.0,1.0,0.0,0.0,122,22,0
 vlanco you just make trifold brochures in microsoft publisher 2000 all day ,0.0,0.0,neutral,0.0,1.0,0.0,0.0,76,12,0
 idlesloth84 if microsoft was smart which i think they are,0.2142857142857142,0.6428571428571429,positive,0.0,1.0,0.0,0.0,58,10,0
 shaunlabrie why do you downplay sales we all know microsoft don t report how many consoles or games they sold si https t co i5m79kebsa ,0.5,0.5,neutral,0.0,1.0,0.0,0.0,136,25,0
 microsoft 3d movie maker windows 9x,0.0,0.0,neutral,0.0,1.0,0.0,0.0,36,6,0
 microsoft 3d movie maker windows 9x,0.0,0.0,neutral,0.0,1.0,0.0,0.0,36,6,0
 skype for business server 2015 and 2019 remote code execution cu out today https t co dpnql3meke with a bonus sfb server ,-0.1,0.2,positive,0.0,1.0,0.0,0.0,122,22,0
 bradsmi microsoft wow that s totally epic we are doing something epic in stem for black and brown children https t co rebdnlncck ,0.0333333333333333,0.5583333333333333,positive,0.0,1.0,0.0,0.0,130,23,0
 kicking off now join me at you don t know what you don t know in word https t co ljhy7i7t2u https t co m2zh1jt ,0.0,0.0,positive,0.0,1.0,0.0,0.0,112,25,0
wenn outlook die tage mal nur noch eine zeile aller mails anzeigt einfach c program files common files microsof https t co achi5yrnaj ,-0.3,0.5,negative,0.0,1.0,0.0,0.0,134,23,0
change can be hard let s make it easier upgrading to microsoft office 365 does your team need to be more pr https t co l4rpy0rw0u ,0.1041666666666666,0.5208333333333333,positive,0.0,1.0,0.0,0.0,130,26,0
microsoft messes up again https t co hyl21dn4p1 ,0.0,0.0,neutral,0.0,1.0,0.0,0.0,48,8,0
dell dell usb microsoft https t co 7ftpnu7a5z ,0.0,0.0,neutral,0.0,1.0,0.0,0.0,46,8,0
 sazul17 opera gxzzzzzzz microsoft edgegod ,0.0,0.0,neutral,0.0,1.0,0.0,0.0,43,5,0
 microsoft 3d movie maker windows 9x,0.0,0.0,neutral,0.0,1.0,0.0,0.0,36,6,0
microsoft s may 2021 patch tuesday 55 flaws fixed,0.1,0.2,neutral,0.0,1.0,0.0,0.0,49,9,0
 check out patent 06 06 06 by microsoft for auto crypto rewards for correct behaviour as reported by in body sensors wron ,0.0,0.0,positive,0.0,1.0,0.0,0.0,122,22,0
t bom professora de estat stica eu j entendi que voc fluente em italiano mas ser que agora voc poderia parar https t co qbb9ilyxp4 ,0.0,0.0,neutral,0.0,1.0,0.0,0.0,131,25,0
 interesting forensic finding on colonial pipeline they were still using a vulnerable version of microsoft exchange th ,0.0,0.5,positive,0.0,1.0,0.0,0.0,119,17,0
 this is a map of america s broadband problem https t co 6fxqrctmyy via verge ,0.0,0.0,negative,0.0,1.0,0.0,0.0,78,15,0
 microsoft https t co b8pe0udjz2 ,0.0,0.0,neutral,0.0,1.0,0.0,0.0,33,5,0
microsoft are retiring the software assurance training voucher satv benefit visit our website for more details https t co 4jfzy758eq ,0.5,0.5,positive,0.0,1.0,0.0,0.0,133,20,0
 oraangesunn tem ke te adiciona como amgo na conta da microsoft ,0.0,0.0,neutral,0.0,1.0,0.0,0.0,64,11,0
live w us microsoft edu episode 16 https t co lp7ypzwxqa ,0.1363636363636363,0.5,neutral,0.0,1.0,0.0,0.0,57,11,0
live w us microsoft edu episode 16 https t co 2spy0d98tx ,0.1363636363636363,0.5,neutral,0.0,1.0,0.0,0.0,57,11,0
kicking off now join me at you don t know what you don t know in word https t co ljhy7i7t2u https t co m2zh1jtvs2 ,0.0,0.0,positive,0.0,1.0,0.0,0.0,114,25,0
 kanyesatoko jonylj20 it seems that if they want a pirate simulator but that is not from microsoft hahaha ,0.2,0.4,negative,0.0,1.0,0.0,0.0,106,18,0
from tomorrow i dedicate myself completely to microsoft ,0.1,0.4,neutral,0.0,1.0,0.0,0.0,56,8,0
 we re giving away a free xbox series x in august follow the link and enter to earn your chances to win arv 499 99 http ,0.6000000000000001,0.6000000000000001,positive,0.0,1.0,0.0,0.0,120,26,0
https t co emtkrlbc2s ,0.0,0.0,neutral,0.0,1.0,0.0,0.0,22,4,0
 microsoft s security update for this month included three critical vulnerabilities make sure your products are updated ,0.25,0.8444444444444444,positive,0.0,1.0,0.0,0.0,120,17,0
google search seems like a good product but i wonder why microsoft won t just copy it they don t own any of the content no moat ,0.6499999999999999,0.8,positive,0.0,1.0,0.0,0.0,128,27,0
 save the date on the 18th of may,0.0,0.0,positive,0.0,1.0,0.0,0.0,33,8,0
 artificial intelligence in video games market size 2021,-0.6,1.0,positive,0.0,1.0,0.0,0.0,56,8,0
 saltyneighbor b b c777 publicownedbus homelessnesssd i could name real ones,0.2,0.3,neutral,0.0,1.0,0.0,0.0,76,11,0
 microsoft corporation released a new update for power apps version 3 21051 20 https t co rezvniaffu ,0.1363636363636363,0.4545454545454545,neutral,0.0,1.0,0.0,0.0,101,17,0
 megablack2000 zenom50978221 jocwabba xbox jessicachobot im not mad i find it funny and it isnt better maybe yo https t co jg4born83b ,0.3541666666666667,0.8333333333333334,positive,0.0,1.0,0.0,0.0,134,22,0
yooo microsoft ,0.0,0.0,neutral,0.0,1.0,0.0,0.0,15,2,0
 check out patent 06 06 06 by microsoft for auto crypto rewards for correct behaviour as reported by in body sensors wron ,0.0,0.0,positive,0.0,1.0,0.0,0.0,122,22,0
 released may 2021 exchange server security updates https t co 6u8ejibjta msexchange security ,0.0,0.0,positive,0.0,1.0,0.0,0.0,94,13,0
 dead rising 4 4 650 697 85 xboxjp https t co lpzxo4mmoc https t co 00bsxvrwdk ,-0.2,0.4,negative,0.0,1.0,0.0,0.0,79,16,0
microsoft may 2021 patch tuesday fixes 55 flaws,0.0,0.0,neutral,0.0,1.0,0.0,0.0,47,8,0
 most active stocks in today s after hours trading general electric ge sabre sabr viacomcbs viac cisco csco general m ,0.1166666666666667,0.525,positive,0.0,1.0,0.0,0.0,118,20,0
since its birth in the bronx almost 50 years ago,0.0,0.0,neutral,0.0,1.0,0.0,0.0,48,10,0
 and,0.0,0.0,neutral,0.0,1.0,0.0,0.0,4,1,0
 attention tableau users if you re looking to diversify your skills,0.0,0.0,neutral,0.0,1.0,0.0,0.0,67,11,0
 2 2 https t co ivbplppylw https t co s4g45qu5gh ,0.0,0.0,neutral,0.0,1.0,0.0,0.0,49,10,0
 malwaretechblog https t co osvvtro4d8 microsoft microsoft excel de n muhasebe bilgei odt metu ,0.0,0.0,positive,0.0,1.0,0.0,0.0,95,14,0
https t co jo6ahfw4tj https t co 3bqcd0oj8n ,0.0,0.0,neutral,0.0,1.0,0.0,0.0,44,8,0
microsoft teams skype ,0.0,0.0,neutral,0.0,1.0,0.0,0.0,22,3,0
 microsoft outlook bug prevents viewing or creating email worldwide bleepingcomputer https t co ymtt8009k4 ,0.0,0.0,positive,0.0,1.0,0.0,0.0,107,14,0
consensys is working with microsoft to offer an ethereum based managed blockchain service to their azure customers https t co 4iablfwiua ,0.0,0.0,neutral,0.0,1.0,0.0,0.0,137,21,0
 amandadeibert microsoft spider solitaire ,0.0,0.0,neutral,0.0,1.0,0.0,0.0,42,4,0
ditching zoom for microsoft teams idk mang ,0.0,0.0,negative,0.0,1.0,0.0,0.0,43,7,0
 sugoi machines the newest heavy metal machines battle pass speeds onto xbox filled to the brim with new machines sprays ,0.1121212121212121,0.6181818181818182,negative,0.0,1.0,0.0,0.0,121,20,0
 malwaretechblog https t co osvvtro4d8 microsoft psi arts yu narukami the sister complex kingpin of steel from the hit fighting game persona 4 arena ultima https t co b0djaf89tc ,-0.35,0.4,negative,0.0,1.0,0.0,0.0,178,29,0
 esto me lleg por ah al parecer pronto saldr n al mercado aunque pareciera un rumor malwaretechblog https t co osvvtro4d8 ,0.0,0.0,neutral,0.0,1.0,0.0,0.0,122,21,0
microsoft ,0.0,0.0,neutral,0.0,1.0,0.0,0.0,10,1,0
 ,0.0,0.0,neutral,0.0,0.0,0.0,0.0,1,0,0
 sugoi machines the newest heavy metal machines battle pass speeds onto xbox filled to the brim with new machines sprays ,0.1121212121212121,0.6181818181818182,negative,0.0,1.0,0.0,0.0,121,20,0
 malwaretechblog https t co osvvtro4d8 microsoft microsoft 365 compliance center new permissions management page indevelopment microsoftcompliancecenter worldwide st malwaretechblog https t co osvvtro4d8 ,0.0181818181818181,0.2772727272727273,neutral,0.0,1.0,0.0,0.0,204,23,0
microsoft ,0.0,0.0,neutral,0.0,1.0,0.0,0.0,10,1,0
 ,0.0,0.0,neutral,0.0,0.0,0.0,0.0,1,0,0
 conversations with data advancing the state of the art in language driven data exploration datascience nlp languageprocessin ,0.0,0.0,positive,0.0,1.0,0.0,0.0,126,17,0
 set my microsoft teams status to amazing ,0.6000000000000001,0.9,positive,0.0,1.0,0.0,0.0,42,7,0
 cnbc cnbctechcheck cnbcpro ummm,0.0,0.0,neutral,0.0,1.0,0.0,0.0,32,4,0
 paulapereda8 microsoft vanderbiltecon obrigado paula te espero na festa de 1 ano da sofia eim igual a do bentinho ,0.0,0.0,neutral,0.0,1.0,0.0,0.0,115,19,0
 hey come work with me sort of gears of war needs a community management director https t co c9bmzojmkk ,0.0,0.0,negative,0.0,1.0,0.0,0.0,104,19,0
 xbox walmart target bestbuy microsoft agstevemarshall thejusticedept open optweet for all gamers how about https t co nhyu2oew8l ,0.0,0.5,neutral,0.0,1.0,0.0,0.0,130,18,0
 accelerating towards a more inclusive society with ai and blockchain in a career spanning 26 years samiranhas held le ,0.5,0.5,neutral,0.0,1.0,0.0,0.0,119,19,0
microsoft looks to bring nuance biometrics to healthcare in philippines https t co by9tauneuh via biometricupdate ,0.0,0.0,neutral,0.0,1.0,0.0,0.0,114,16,0
 imagina que j foi a segunda revista semanal do pa s,0.0,0.0,neutral,0.0,1.0,0.0,0.0,52,11,0
 joefrancisco5 andreapichinini i was a early adapter had 2 red ring before microsoft admitted they had a problem https t co bjlgk0cf9l ,0.05,0.15,negative,0.0,1.0,0.0,0.0,135,22,0
 gdcaplan as someone who once worked for microsoft,0.0,0.0,neutral,0.0,1.0,0.0,0.0,50,8,0
this is a map of america s broadband problem https t co 2hnowuc4ba via verge ,0.0,0.0,negative,0.0,1.0,0.0,0.0,77,15,0
microsoft corporation released a new update for power apps version 3 21051 20 https t co rezvniaffu ,0.1363636363636363,0.4545454545454545,neutral,0.0,1.0,0.0,0.0,100,17,0
 para los que tengan problemas que no pueden escribir correos de outlook porfavor intenten esto c program files comm ,0.0,0.0,negative,0.0,1.0,0.0,0.0,117,19,0
office 365 roadmap sharepoint syntex automatically set sensitivity labels in document understanding models https t co enghww4sai ,0.0,0.0,neutral,0.0,1.0,0.0,0.0,129,17,0
office 365 roadmap microsoft project book resources to manage resource availability https t co mh1qs9ovan ,0.0,0.0,neutral,0.0,1.0,0.0,0.0,106,15,0
office 365 roadmap microsoft viva topic management dashboard https t co bdvksu7hvb ,0.0,0.0,neutral,0.0,1.0,0.0,0.0,83,12,0
 tatunami iphone ipad microsoft lens ,0.0,0.0,neutral,0.0,1.0,0.0,0.0,37,5,0
 supertori098 saizuky cazador99523544 saselandia lo de hellblade 2 va a ser gracioso de ver,0.0,0.0,positive,0.0,1.0,0.0,0.0,91,14,0
 artificial intelligence products market global outlook 2021 to 2026 open ai qliktech international ab microsoft corp ,-0.15,0.375,positive,0.0,1.0,0.0,0.0,118,16,0
microsoft tech https t co zyl0esdqnr ,0.0,0.0,neutral,0.0,1.0,0.0,0.0,37,6,0
reflect as naomi boyd,0.0,0.0,neutral,0.0,1.0,0.0,0.0,21,4,0
 something interesting i ve noticed teaching is gen z just does not use microsoft word,0.5,0.5,positive,0.0,1.0,0.0,0.0,86,15,0
 microsoft xboxseriesx xboxseriess https t co ztb1iqqvbz ,0.0,0.0,neutral,0.0,1.0,0.0,0.0,57,7,0
this is a great idea more than microsoft outlook would be interested in it there is a serious problem of too https t co sxjghutnsq ,0.3041666666666667,0.6041666666666666,positive,0.0,1.0,0.0,0.0,131,25,0
 wearsy microsoft that is the best ,1.0,0.3,positive,0.0,1.0,0.0,0.0,35,6,0
openmp updates and fixes for c in visual studio 2019 version 16 10 https t co uc0rv2uhq4 ,0.0,0.0,neutral,0.0,1.0,0.0,0.0,89,17,0
 https t co l0t8p2brrx whatsapp i have a problem interesting forensic finding on colonial pipeline they were still using a vulnerable version of microsoft exchange th 3 ways new sas microsoft solutions can change the way manufacturers think artificialintelligence ai datascience 100da ,0.0454545454545454,0.4848484848484848,negative,0.0,1.0,0.0,0.0,285,42,0
 czechoutluci looks like someone went wild on microsoft paint at 3am ,0.1,0.4,positive,0.0,1.0,0.0,0.0,69,11,0
 microsoft gets hammered into irrelevancy 1991 speedrun any avi https t co tgjlcd2utj ,0.0,0.0,neutral,0.0,1.0,0.0,0.0,86,13,0
 welcome to the empoweredcloud sas microsoft were named a top joint venture among fastcompany s most innovative compa ,0.575,0.725,positive,0.0,1.0,0.0,0.0,118,18,0
 2 2 https t co ivbplppylw https t co gbyw704zxr h ,0.0,0.0,neutral,0.0,1.0,0.0,0.0,51,11,0
xbox deals microsoft xbox 360 s 250gb black console w 4 controllers kinect amp 5 games https t co rfublnwjqu https t co hltkqlhifp ,-0.1666666666666666,0.4333333333333333,neutral,0.0,1.0,0.0,0.0,131,24,0
 qualys 2021 patch tuesday dashboard released may 2021 16 qids 85 cves incl 30 apsb cves patch tuesday 2021 dashbo https t co g6kt9ssc5t ,0.0,0.0,neutral,0.0,1.0,0.0,0.0,137,24,0
xbox deals microsoft xbox 360 e 250gb console bundle w cables amp two random game titles https t co 958ysqxwsg https t co ht92qen8vi,-0.45,0.45,neutral,0.0,1.0,0.0,0.0,132,24,0
planning a meeting or conference add valuable software skills education to your next meeting in person or virtual https t co 0pkzc069ve ,0.0,0.0,positive,0.0,1.0,0.0,0.0,136,22,0
possible threat on hxxps wideselectionthings online riedjpx01 iejpx01 zip phishing microsoft ,0.0,1.0,negative,0.0,1.0,0.0,0.0,93,11,0
xbox deals microsoft xbox s slim 360 console amp intercooler black model 1439 https t co ws00y9hdxg https t co vdy1iixyk7,-0.1666666666666666,0.4333333333333333,neutral,0.0,1.0,0.0,0.0,121,21,0
 estulindaniel recuerdo cuando microsoft levant su publicidad de un casco de realidad virtual donde ella era la modelo ,0.0,0.0,neutral,0.0,1.0,0.0,0.0,119,18,0
 microsoft gets hammered into irrelevancy 1991 speedrun any avi https t co tgjlcd2utj ,0.0,0.0,neutral,0.0,1.0,0.0,0.0,86,13,0
this job might be a great fit for you part time microsoft network technology instructor continuous pool https t co qiufkdv4iv ,0.6000000000000001,0.575,positive,0.0,1.0,0.0,0.0,126,21,0
 michaelbjordan blkcreatives themattiejames iamkingwilliams kiaspeaks square apsupdate microsoft apple yes pleas ,0.0,0.0,positive,0.0,1.0,0.0,0.0,113,11,0
https t co lovpfwrb1r microsoft windows 10 1809 and 1909 have reached end of service news freeptomaineradio comm https t co qfdwckem8g ,0.0,0.0,positive,0.0,1.0,0.0,0.0,135,22,0
 here it is folks filters for msintune is here this is huge https t co faqdzos8iu ,0.4000000000000001,0.9,positive,0.0,1.0,0.0,0.0,82,16,0
microsoft gets hammered into irrelevancy 1991 speedrun any avi https t co tgjlcd2utj ,0.0,0.0,neutral,0.0,1.0,0.0,0.0,85,13,0
 alyginspace microsoft word is telling me to get out of this liminal space now ,0.0,0.0,neutral,0.0,1.0,0.0,0.0,79,14,0
 vs rwy16l microsoft flight simulator2020 https t co rygrbdkdxg youtube ,0.0,0.0,neutral,0.0,1.0,0.0,0.0,72,10,0
 certfr 2021 avi 369 multiples vuln rabilit s dans les produits microsoft 12 mai 2021 https t co 4c7ngql2sk ,0.0,0.0,neutral,0.0,1.0,0.0,0.0,108,19,0
 drstuartfraser1 it s definitely clunky compared to something like slack,0.0,0.5,positive,0.0,1.0,0.0,0.0,72,10,0
 https t co l0t8p2brrx whatsapp i have a problem https t co l0t8p2brrx whatsapp i have a problem ,0.0,0.0,negative,0.0,1.0,0.0,0.0,97,18,0
 microsoft office 2000 nostalgia ,0.0,0.0,neutral,0.0,1.0,0.0,0.0,33,4,0
 pixelpusher tsr falconseye3 esportsenigmist tabwire discord microsoft weareenthusiast upcomer only a matter of time,0.0,1.0,negative,0.0,1.0,0.0,0.0,116,14,0
 learn about the four guiding principles for artificial intelligence that make microsoft azure ai the top choice among t ,-0.0499999999999999,0.75,positive,0.0,1.0,0.0,0.0,121,19,0
 https t co l0t8p2brrx whatsapp i have a problem azure static web apps is now generally available https t co dwwszbatqw mrs carm chloecondon juliehubs microsoft oh that reminds me twitter doesn t crop pics anymore on mobile so https t co qe3yqfj2g9 ,0.45,0.65,negative,0.0,1.0,0.0,0.0,249,43,0
 xbranchh its not microsoft edge oml ,0.0,0.0,neutral,0.0,1.0,0.0,0.0,37,6,0
5 12 gafa m 2020 9 2 google 30 4 aamazon 10 7 facebook 0 0 apple 6 6 microsoft 3 2 c 20 visual studio 2019 16 10 preview 3 ,0.0,0.0,neutral,0.0,1.0,0.0,0.0,123,31,0
https t co bymjojdza0 ,0.0,0.0,neutral,0.0,1.0,0.0,0.0,22,4,0
c 20 c ,0.0,0.0,neutral,0.0,1.0,0.0,0.0,7,3,0
 std fo ,0.0,0.0,neutral,0.0,1.0,0.0,0.0,8,2,0
 19 https t co 1ueymyly2y ,0.0,0.0,neutral,0.0,1.0,0.0,0.0,26,5,0
 this asian american and pacific islander heritage month,0.0,0.0,neutral,0.0,1.0,0.0,0.0,56,8,0
 arimelber does this remind anyone else of the microsoft word document bjnovak set up as creed s blog ,0.0,0.0,neutral,0.0,1.0,0.0,0.0,102,18,0
 microsoft new 365 subscription makes it easier for frontline workers to use data securely and effectively,0.3787878787878787,0.6181818181818182,positive,0.0,1.0,0.0,0.0,106,16,0
there s still time to register for the free online dataweekender online conference i ll be presenting on azure dat https t co 1qxnfabpbx ,0.4,0.8,positive,0.0,1.0,0.0,0.0,137,24,0
teaching my sis how to use microsoft teams cuz she has a big girl interview tomorrow they grow up so fast ,0.1,0.35,neutral,0.0,1.0,0.0,0.0,106,21,0
 microsoft xbox bethox ,0.0,0.0,neutral,0.0,1.0,0.0,0.0,23,3,0
 azure cosmos db for ai engineers azure cosmos db blog falconseye3 pixelpusher tsr esportsenigmist tabwire discord microsoft weareenthusiast upcomer i wouldn t sa https t co 127ntsaupj azure cosmos db for ai engineers azure cosmos db blog ,0.0,0.0,negative,0.0,1.0,0.0,0.0,239,37,0
 valpiccino clica start e confere na microsoft store ele vai avisar se seu ,0.0,0.0,neutral,0.0,1.0,0.0,0.0,75,13,0
 struggling with different node versions this post by atwork to the rescue microsoft365 microsoft365dev sharepoint ,0.0,0.6,positive,0.0,1.0,0.0,0.0,115,15,0
regular microsoft teams conversations at work https t co gx0xoiko7z ,0.0,0.0769230769230769,neutral,0.0,1.0,0.0,0.0,68,10,0
 apple,0.0,0.0,neutral,0.0,1.0,0.0,0.0,6,1,0
 jessicamgiusti it s true,0.35,0.65,positive,0.0,1.0,0.0,0.0,25,4,0
 decide which artificial intelligence is the one for you with microsoft analytics and ai check it out here https t co g8 ,-0.6,1.0,positive,0.0,1.0,0.0,0.0,121,22,0
 mrs carm chloecondon juliehubs microsoft i am literally,0.0,0.0,neutral,0.0,1.0,0.0,0.0,56,8,0
 signature microsoft world ,0.0,0.0,neutral,0.0,1.0,0.0,0.0,27,3,0
oh that s python for home assistant which i use to pass through to node red running javascript to pass through to https t co nawstetyfi ,0.0,0.0,neutral,0.0,1.0,0.0,0.0,136,26,0
 signature microsoft world ,0.0,0.0,neutral,0.0,1.0,0.0,0.0,27,3,0
 byebye iota is the real deal microsoft is shutting down its azure blockchain service zdnet https t co ny5onjbowi ,0.0222222222222222,0.2944444444444445,neutral,0.0,1.0,0.0,0.0,114,19,0
 shoe0nhead only a matter of time before she ends up like microsoft tay ,0.0,1.0,positive,0.0,1.0,0.0,0.0,72,13,0
 a actualizaaaaaaar decide which artificial intelligence is the one for you with microsoft analytics and ai check it out here https t c microsoft theclippy mrs carm chloecondon juliehubs microsoft https t co kvwkunstvl microsoft times played zero ,-0.6,1.0,positive,0.0,1.0,0.0,0.0,247,38,0
times lost zero ,0.0,0.0,negative,0.0,1.0,0.0,0.0,16,3,0
 https t co yu1ehg6dsl ,0.0,0.0,neutral,0.0,1.0,0.0,0.0,23,4,0
join us tomorrow at 9 am pt for our newest ama on threat protection we will be talking all about how microsoft 365 https t co lokejtevbb ,0.0,0.0,negative,0.0,1.0,0.0,0.0,137,27,0
 https t co l0t8p2brrx whatsapp i have a problem m s in data science 2ndmasters womeninstem ,0.0,0.0,negative,0.0,1.0,0.0,0.0,92,16,0
research data science amp healthcare,0.0,0.0,neutral,0.0,1.0,0.0,0.0,36,5,0
1 computational interpretation of dis ,0.0,0.0,neutral,0.0,1.0,0.0,0.0,38,5,0
 assassinsfr j ai le sp sur xbox,0.0,0.0,neutral,0.0,1.0,0.0,0.0,32,7,0
 m s in data science 2ndmasters womeninstem research data science amp healthcare 1 computational interpretation of dis ,0.0,0.0,neutral,0.0,1.0,0.0,0.0,119,17,0
 rt teamcymru 2 great leaders in cybersecurity in one webinar david monnier with guest peter anaman will be discussi ,0.8,0.75,positive,0.0,1.0,0.0,0.0,117,19,0
 further proving microsoft doesn t care about their console owners they ve now completely turned off the ability to disa ,0.05,0.45,positive,0.0,1.0,0.0,0.0,121,20,0
 levirobischon tomjchicago bill gates was always an opportunistic slimeball he had horrible contracts with his worker ,-1.0,1.0,negative,0.0,1.0,0.0,0.0,118,16,0
 xcloudtimdog great we can look at all the systems were not getting cause microsoft won t even put an injunction on https t co 7casrygpe9 ,0.8,0.75,positive,0.0,1.0,0.0,0.0,138,25,0
 unsere vortreffliche haushaltsausschuss kollegin helenelaportern klagt vonderleyen an die gafam unternehmen google,0.0,0.0,negative,0.0,1.0,0.0,0.0,115,12,0
 ericgarland great article here too shows much deeper ties between bill gates and epstein from 2011 2014 some long visi ,0.3166666666666666,0.45,positive,0.0,1.0,0.0,0.0,120,20,0
 https t co l0t8p2brrx whatsapp i have a problem https t co l0t8p2brrx whatsapp i have a problem ,0.0,0.0,negative,0.0,1.0,0.0,0.0,97,18,0
 https t co l0t8p2brrx whatsapp i have a problem looking to level up your meeting experience check out the new interactive webinar capabilities in microsoftteams and https t co l0t8p2brrx whatsapp i have a problem ,0.1363636363636363,0.4545454545454545,negative,0.0,1.0,0.0,0.0,214,35,0
 https t co l0t8p2brrx whatsapp i have a problem sharepoint x microsoft 365 https t co l0t8p2brrx whatsapp i have a problem ,0.0,0.0,negative,0.0,1.0,0.0,0.0,124,22,0
 microsoft several windows 10 editions have reached end of service https t co bqqz4uslnh ,0.0,0.0,positive,0.0,1.0,0.0,0.0,89,14,0
 slamastack ugh a java dev gonna put on my microsoft net socks and challenge you to a duel kidding i was the t https t co trrwupebdg ,0.0,0.0,negative,0.0,1.0,0.0,0.0,133,27,0
 margoandhow epstein was very aggressive about recruiting big tech company execs,0.1,0.2,negative,0.0,1.0,0.0,0.0,80,11,0
demonstration of microsoft azure defender for iot platform https t co eiwu71sizp via youtube ,0.0,0.0,positive,0.0,1.0,0.0,0.0,93,14,0
https t co rwtgz158zm ,0.0,0.0,neutral,0.0,1.0,0.0,0.0,22,4,0
new microsoft edge dev build arrives as edge version 91 lands in beta channel on linux https t co 5kiut16cjt ,0.1363636363636363,0.4545454545454545,neutral,0.0,1.0,0.0,0.0,109,20,0
 traciemac2021 all these people connected to microsoft amp gates have spokespersons who would have us believe their bs deni ,0.0,0.0,neutral,0.0,1.0,0.0,0.0,124,19,0
 attack surface reduction leverages deny rules to block malicious behavior check out dent a framework for creating com base ,-0.8,1.0,negative,0.0,1.0,0.0,0.0,124,19,0
 nerdpyle chloecondon juliehubs microsoft why do i ask no reason ,0.0,0.0,negative,0.0,1.0,0.0,0.0,65,10,0
new azure ad capabilities for conditional access and azure vms at rsa 2021 microsoft tech community https t co 7vkrywvwfg ,0.1363636363636363,0.4545454545454545,neutral,0.0,1.0,0.0,0.0,122,20,0
 michaelbjordan blkcreatives themattiejames iamkingwilliams kiaspeaks square apsupdate microsoft apple yes pleas ,0.0,0.0,positive,0.0,1.0,0.0,0.0,113,11,0
 signature microsoft world ,0.0,0.0,neutral,0.0,1.0,0.0,0.0,27,3,0
 decide which artificial intelligence is the one for you with microsoft analytics and ai check it out here https t co ao ,-0.6,1.0,positive,0.0,1.0,0.0,0.0,121,22,0
 eddiejaoude microsoft github well yes but no u get it ,0.0,0.0,positive,0.0,1.0,0.0,0.0,55,10,0
 maiores aquisi es realizadas por big techs linkedin microsoft 26 2 b whatsapp facebook 22 b whole foods amazo ,0.1,0.25,neutral,0.0,1.0,0.0,0.0,111,19,0
this is the soc reference model to compare your program against or use to build a new program this is an open s https t co if7ocjovt1 ,0.0681818181818181,0.4772727272727273,neutral,0.0,1.0,0.0,0.0,134,27,0
 turquesazulada jaja,0.0,0.0,neutral,0.0,1.0,0.0,0.0,20,2,0
 it s remarkable how synonymous halo is with xbox what was originally a secret project at bungie in the late 90 s is no ,0.0166666666666666,0.6833333333333332,positive,0.0,1.0,0.0,0.0,120,24,0
 alter83519335 i need it thank you rn the document is so big that it keeps crashing microsoft word ,0.0,0.1,positive,0.0,1.0,0.0,0.0,99,18,0
 web timetree web 2021 6 internet explorer ie 1 ,0.0,0.0,neutral,0.0,1.0,0.0,0.0,48,9,0
 with microsoft shutdown sound for a laugh i hope dude is okay https t co 8hyf0kgtsl ,0.3999999999999999,0.3333333333333333,positive,0.0,1.0,0.0,0.0,85,16,0
sustentando ip da microsoft direto no ps4,0.0,0.0,negative,0.0,1.0,0.0,0.0,41,7,0
until then,0.0,0.0,neutral,0.0,1.0,0.0,0.0,10,2,0
generation x gaming ep 263 may 13,0.0,0.0,neutral,0.0,1.0,0.0,0.0,33,7,0
project reunion 0 5 7 is now available https t co z8xxhjpvnd upgrade instructions https t co vz7b4nxvlw ,0.4,0.4,neutral,0.0,1.0,0.0,0.0,104,18,0
 xboxstockalerts got mine from the microsoft store ordered tuesday delivered today took me 3 months to get one ,0.0,0.0,neutral,0.0,1.0,0.0,0.0,111,18,0
 awgreig she wants to really learn excel so i figured maybe microsoft would be the best route ,0.4666666666666666,0.2,positive,0.0,1.0,0.0,0.0,94,17,0
another software upgrade switching to microsoft 365 does your team need to be more productive with microsoft offi https t co fc06lttyxo ,0.5,0.5,neutral,0.0,1.0,0.0,0.0,136,22,0
precisando de uma ajudinha nos estudos a uni academy est disponibilizando de forma gratuita o guia de estudos do https t co 2yhuj1jccd ,0.0,0.0,neutral,0.0,1.0,0.0,0.0,135,23,0
buy microsoft surface pro x 13 touch screen sq1 8gb memory 256gb ssd wifi 4g lte 999 99 dailydeals https t co nkyl0fxbke ,0.0,0.0,neutral,0.0,1.0,0.0,0.0,121,23,0
buy microsoft surface pro x 13 touch screen sq1 8gb memory 128gb ssd wifi 4g lte 799 99 more for 799 99 https t co xacnwyg3qe ,0.5,0.5,neutral,0.0,1.0,0.0,0.0,126,26,0
 kunzed philousports gratuit sur le microsoft store ,0.0,0.0,neutral,0.0,1.0,0.0,0.0,52,7,0
 it s remarkable how synonymous halo is with xbox what was originally a secret project at bungie in the late 90 s is no ,0.0166666666666666,0.6833333333333332,positive,0.0,1.0,0.0,0.0,120,24,0
 importante lembrar que,0.0,0.0,neutral,0.0,1.0,0.0,0.0,23,3,0
 it s remarkable how synonymous halo is with xbox what was originally a secret project at bungie in the late 90 s is no ,0.0166666666666666,0.6833333333333332,positive,0.0,1.0,0.0,0.0,120,24,0
 if you re a phd student in the us or canada going into your third year in fall 2021,0.0,0.0,neutral,0.0,1.0,0.0,0.0,84,19,0
 gabrielthevega iwalkvikcelts bleacherreport microsoft ,0.0,0.0,neutral,0.0,1.0,0.0,0.0,55,4,0
 vtiryan microsoft rent free lmao ,0.5,0.9,positive,0.0,1.0,0.0,0.0,34,5,0
 touch it you know you want to or throw it,0.0,0.0,positive,0.0,1.0,0.0,0.0,42,10,0
women will do anything for a microsoft surface tablet https t co 0wif9kjqsd ,0.0,0.0,neutral,0.0,1.0,0.0,0.0,76,13,1
eu t aqui pensando,0.0,0.0,neutral,0.0,1.0,0.0,0.0,18,4,1
 conacyt recomienda llenar sus formatos en l nea v a internet explorer desde hace 5 a os microsoft descontinu explorer p ,0.0,0.0,neutral,0.0,1.0,0.0,0.0,121,21,1
 kam1esports el microsoft 3 0 era el boca river de la epoca con ese que lindo que era ,0.0,0.0,neutral,0.0,1.0,0.0,0.0,86,18,1
 usa microsoft xboxsx xbox series x in stock streaming https t co mt44lrc5sz link https t co qk7e57ib7m ,0.0,0.0,neutral,0.0,1.0,0.0,0.0,104,18,1
found this today in 2011 samykamkar discovered the iphone android and windows phone mobile devices were conti https t co esiral2r85 ,0.0,0.0,neutral,0.0,1.0,0.0,0.0,132,21,1
5 13 gafa m 2020 9 2 google 31 7 aamazon 10 5 facebook 0 9 apple 4 9 microsoft 4 9 web ,0.0,0.0,neutral,0.0,1.0,0.0,0.0,87,23,1
timetree web 2021 6 internet explorer ie ,0.0,0.0,neutral,0.0,1.0,0.0,0.0,41,7,1
 1 https t co drt6hu9jhe ,0.0,0.0,neutral,0.0,1.0,0.0,0.0,25,5,1
 gunswat this video goes into good detail of how microsoft and sega was actually possible over 20 years ago xbox https t co ha7zgteegm ,0.35,0.8,positive,0.0,1.0,0.0,0.0,135,24,1
 collin sexton breaks down film on all the ways he gets buckets nba courtoptix powered by microsoft azure gives col ,-0.1555555555555555,0.2888888888888889,neutral,0.0,1.0,0.0,0.0,116,20,1
 with microsoft shutdown sound for a laugh i hope dude is okay https t co 8hyf0kgtsl ,0.3999999999999999,0.3333333333333333,positive,0.0,1.0,0.0,0.0,85,16,1
 sky news australia una nueva versi n de internet que est descentralizada y construida alrededor de blockchain est ac ,0.0,0.0,neutral,0.0,1.0,0.0,0.0,118,19,1
 your new exclusive deal at dealors microsoft surface studio all in one 28 4500x3000 touchscreen i5 8gb ram 64gb ssd 1 ,0.1363636363636363,0.4545454545454545,positive,0.0,1.0,0.0,0.0,119,21,1
 cavsnation623 iwalkvikcelts bleacherreport microsoft bro he s a celtics fan,0.0,0.0,positive,0.0,1.0,0.0,0.0,76,10,1
 otaku sensato eu acho que a bandai eles fazem jogos muito bons tipo a jogos de animes como naruto,0.0,0.0,neutral,0.0,1.0,0.0,0.0,98,19,1
https t co lkrxgymlwh ,0.0,0.0,neutral,0.0,1.0,0.0,0.0,22,4,1
 inuktitut is now available in microsoft translator https t co ocjodt6atu the government of nunavut has worked proactive ,0.4,0.4,positive,0.0,1.0,0.0,0.0,121,18,1
 conacyt recomienda llenar sus formatos en l nea v a internet explorer desde hace 5 a os microsoft descontinu explorer p ,0.0,0.0,neutral,0.0,1.0,0.0,0.0,121,21,1
 beta collector windows microsoft guys guys how can i sign up to be a clock ,0.0,0.0,neutral,0.0,1.0,0.0,0.0,76,15,1
please join microsoftrewards and start earning points https t co pl4pyjnuuf ,0.0,0.0,positive,0.0,1.0,0.0,0.0,76,11,1
 bolstering safevchat s growth are new features being developed amp tested for corporate customers looking to switch ,0.0787878787878787,0.2515151515151515,positive,0.0,1.0,0.0,0.0,117,17,1
 beta collector windaesthetic windows microsoft even if it looks like an early beta build,0.1,0.3,positive,0.0,1.0,0.0,0.0,89,14,1
 tencent s timi forms strategic partnership with xbox game studios https t co tbnzeeqko8 repost xbox microsoft tencent ,-0.4,0.4,neutral,0.0,1.0,0.0,0.0,119,18,1
 i am so excited to announce this public msftresearch race and tech lecture series 14 lectures in 14 months,0.1875,0.4083333333333333,positive,0.0,1.0,0.0,0.0,107,19,1
 the msedgedev web platform team is hiring for a senior pm to help drive chromium forward and shape the future of edge part ,0.0,0.125,positive,0.0,1.0,0.0,0.0,124,23,1
 xboxinsiders having trouble installing the pso2 ngs closed beta these steps may help restart your pc sign out of ,-0.15,0.15,neutral,0.121,0.759,0.121,0.0,114,19,1
 restock alert xbox series s available at bestbuy https t co itwcrrrabn https t co vz9bp9l8ql ,0.4,0.4,positive,0.0,1.0,0.0,0.0,94,16,1
 20 a os ya desde mi primer amor halo y microsoft xbox https t co hkt641vpg4 ,0.0,0.0,positive,0.0,1.0,0.0,0.0,77,16,1
 the desperate mask lunacy is too much for me i have instructed microsoft word to automatically replace the word democrats ,-0.1999999999999999,0.6,negative,0.0,1.0,0.0,0.0,123,20,1
 microsoft surface duo nampaknya mengalami penurunan harga dari 1 399 kepada 690 saya boleh anggap surface duo masih ber ,0.0,0.0,neutral,0.0,1.0,0.0,0.0,121,19,1
 the g 91 dallasstars don t come here talking shit when your logo looks like it was made in microsoft paint ,-0.2,0.8,negative,0.0,1.0,0.0,0.0,108,21,1
microsoft panopticon is a new repository by microsoft panopticon is a complete in dram rowhammer mitigation this https t co 0kcloser4l ,0.1181818181818181,0.4272727272727272,neutral,0.0,1.0,0.0,0.0,135,21,1
 touch it you know you want to or throw it,0.0,0.0,positive,0.0,1.0,0.0,0.0,42,10,1
 usa microsoft xboxss xbox series s in stock streaming https t co mt44lrc5sz link https t co 6mckvwgcoy ,0.0,0.0,neutral,0.0,1.0,0.0,0.0,104,18,1
 lisaquestions windows ubuntu microsoft that s a workaround,0.0,0.0,neutral,0.0,1.0,0.0,0.0,59,8,1
 come join our team and help devs build end to end tests for modern web apps with playwrightweb we are hiring a sr produ ,0.2,0.3,positive,0.0,1.0,0.0,0.0,121,24,1
 a new servicing update for projectreunion is now available project reunion 0 5 7 this is a stable release with even m ,0.2681818181818182,0.4272727272727272,positive,0.0,1.0,0.0,0.0,119,22,1
 update your app to the latest version https t co kveiax8uwo ,0.5,0.9,neutral,0.0,1.0,0.0,0.0,61,11,1
 k3vk4 windows ubuntu microsoft code vscodium xbox okay,0.5,0.5,positive,0.0,1.0,0.0,0.0,55,8,1
 i am just so pumped that my first chi paper from my first research intern received best paper honorable mention and gets cover ,0.5,0.3222222222222222,positive,0.0,1.0,0.0,0.0,128,23,1
 bleacherreport microsoft thisvideobot ,0.0,0.0,neutral,0.0,1.0,0.0,0.0,39,3,1
 touch it you know you want to or throw it,0.0,0.0,positive,0.0,1.0,0.0,0.0,42,10,1
apparently you have to use microsoft edge of course that is still laggy af and now it s saying no enforcement hi https t co 0h8wzqobz9 ,0.05,0.35,negative,0.0,1.0,0.0,0.0,135,26,1
 lisaquestions windows ubuntu microsoft code vscodium xbox https t co vufmvqkqzz ,0.0,0.0,neutral,0.0,1.0,0.0,0.0,81,11,1
 new subscribers 3 months of xbox game pass ultimate for 1 from microsoft https t co drdtsvwz2y ad https t co fksypz57jh ,-0.0878787878787878,0.6181818181818182,neutral,0.0,1.0,0.0,0.0,121,22,1
 what the fuck is this bullshit,-0.4,0.6,negative,0.0,1.0,0.0,0.0,31,6,1
 clesportopinion bleacherreport microsoft we will don t worry ,0.0,0.0,negative,0.0,1.0,0.0,0.0,62,8,1
 os microsoft xbox ,0.0,0.0,neutral,0.0,1.0,0.0,0.0,19,3,1
 want to keep your classroom excited about learning as the school year winds down microsoftstore is offering free vi ,0.2064814814814815,0.612962962962963,positive,0.0,1.0,0.0,0.0,117,19,1
 collin sexton breaks down film on all the ways he gets buckets nba courtoptix powered by microsoft azure gives col ,-0.1555555555555555,0.2888888888888889,neutral,0.0,1.0,0.0,0.0,116,20,1
 mba microsoft commercial cmo numoto 5 tech summit ,0.0,0.0,neutral,0.0,1.0,0.0,0.0,51,8,1
 qyousef now this is an exercise,0.0,0.0,neutral,0.0,1.0,0.0,0.0,32,6,1
with microsoft shutdown sound for a laugh i hope dude is okay https t co voivehb1dv https t co 8hyf0kgtsl ,0.3999999999999999,0.3333333333333333,positive,0.0,1.0,0.0,0.0,106,20,1
 here s the latest configmgr tech preview https t co l0xlfu4fsm memcm ,0.5,0.9,neutral,0.0,1.0,0.0,0.0,70,12,1
is microsoft preparing to bail on the smartphone market again,0.0,0.0,neutral,0.0,1.0,0.0,0.0,61,10,1
 gameranx yes,0.0,0.0,positive,0.0,1.0,0.0,0.0,13,2,1
 lisaquestions windows ubuntu microsoft let me know if venting caused positive change after all microsoft https t co d1me5ewg3c ,0.2272727272727272,0.5454545454545454,positive,0.0,1.0,0.0,0.0,128,19,1
 extas1stv cuidado que podr a ser un economista autonomo de microsoft,0.0,0.0,neutral,0.0,1.0,0.0,0.0,69,11,1
 k3vk4 windows ubuntu microsoft windows 10 updates are something that annoy me so i vent about them but i m not https t co kvv0knm2ae ,0.0,0.0,negative,0.0,1.0,0.0,0.0,134,25,1
 some insight into hardware and software failures across a fleet of 180,0.0,0.0,negative,0.0,1.0,0.0,0.0,71,12,1
 well microsoft skipped a sunday xboxseriesx restock but they dropped right on time today,0.2857142857142857,0.5357142857142857,positive,0.0,1.0,0.0,0.0,89,14,1
 xboxstockalerts just got my series x from the microsoft store ordered on tuesday delivered today ,0.0,0.0,neutral,0.0,1.0,0.0,0.0,98,15,1
 start spreading the news msbuild register today https t co adm3n4jkaf https t co nykq1jbypp ,0.0,0.0,neutral,0.0,1.0,0.0,0.0,93,15,1
remember to take breaks yiff thanks and bye bye makewindowsgreatagain,0.2,0.2,positive,0.0,1.0,0.0,0.0,69,10,1
 barnettforaz andersondrlja the az auditors should have a isc2 certified cisa cissp cism engineer and a microsoft https t co jjy8dc8d68 ,0.0,0.0,neutral,0.0,1.0,0.0,0.0,136,21,1
 how could an attacker exploit this vulnerability an unauthenticated attacker could send a specially crafted packet to a ta ,0.3571428571428571,0.5714285714285714,negative,0.0,1.0,0.0,0.0,124,19,1
 drakesincero1 se juntar todos os jogos da microsoft n o d um god of war qualidade gt quantidade ,0.0,0.0,positive,0.0,1.0,0.0,0.0,97,18,1
what the fuck is this bullshit,-0.4,0.6,negative,0.0,1.0,0.0,0.0,30,6,1
 acomp anos a la pl tica de cierre del ciclo como marcar tu diferencia tus semillas de tus logros 14 de mayo 11 ,0.0,0.0,neutral,0.0,1.0,0.0,0.0,112,23,1
 the cdc now says that microsoft and sony should just give me an xbox series x and a playstation 5,0.0,0.0,neutral,0.0,1.0,0.0,0.0,98,20,1
 microsoft this meeting could have been a gif ,0.0,0.0,neutral,0.0,1.0,0.0,0.0,46,8,1
https t co bvqt8imknz ,0.0,0.0,neutral,0.0,1.0,0.0,0.0,22,4,1
 affiliation our online affiliation drop in sessions are will be taking place next week from 7pm 8pm on tuesday 18th,0.0,0.0,negative,0.0,1.0,0.0,0.0,116,20,1
advertisers can activate now their first party data across microsoft advertising,0.25,0.3333333333333333,positive,0.0,1.0,0.0,0.0,80,11,1
 collin sexton breaks down film on all the ways he gets buckets nba courtoptix powered by microsoft azure gives col ,-0.1555555555555555,0.2888888888888889,neutral,0.0,1.0,0.0,0.0,116,20,1
well microsoft skipped a sunday xboxseriesx restock but they dropped right on time today,0.2857142857142857,0.5357142857142857,positive,0.0,1.0,0.0,0.0,88,14,1
my amazing cousin graduates tonight from champlain college she has accepted a job with microsoft amelia s success https t co xkg6xg5hwk ,0.45,0.45,positive,0.0,1.0,0.0,0.0,136,22,1
 artificial intelligence market revenue,-0.6,1.0,positive,0.0,1.0,0.0,0.0,39,4,1
revengerat and aysncrat target aerospace and travel sectors microsoft microsoftsecurity https t co n3j4uwgmiw ,0.0,0.0,neutral,0.0,1.0,0.0,0.0,110,14,1
revengerat and aysncrat target aerospace and travel sectors microsoft microsoftsecurity https t co uieto9nlf9 ,0.0,0.0,neutral,0.0,1.0,0.0,0.0,110,14,1
 la tecnolog a,0.0,0.0,neutral,0.0,1.0,0.0,0.0,14,3,1
 aten o mulheres avanade multinacional do segmento de tecnologia uma joint venture da microsoft e da accenture est com ,0.0,0.0,neutral,0.0,1.0,0.0,0.0,119,19,1
 van de starlink satellieten qfs quantum financieel systeem komt nu in actie qfs voting voor eerlijke verkiezingen qfs ,0.0,0.0,neutral,0.0,1.0,0.0,0.0,119,18,1
 trueblue designs the future of artificial intelligence and analytics for healthcare with aidea integrated with microsof ,-0.3,0.5625,positive,0.0,1.0,0.0,0.0,121,16,1
 simcclure xbox turned 20 this month and microsoft made a celebration video for it one of the top comments on that https t co 7eck3oi3il ,0.5,0.5,positive,0.0,1.0,0.0,0.0,137,25,1
 pedrinreyli ue man qq tem os consoles quer modo desempenho bla bla bla,0.0,0.0,negative,0.0,1.0,0.0,0.0,71,13,1
 schwi carinhoso e me interesso em gow,0.0,0.0,neutral,0.0,1.0,0.0,0.0,38,7,1
 a nasa j foi hackeada com um pc de us 35 o google j foi hackeado ficou fora do ar e em seu lugar apareceu uma i ,0.0,0.0,neutral,0.0,1.0,0.0,0.0,113,27,1
if console gaming is to survive,0.0,0.0,neutral,0.0,1.0,0.0,0.0,31,6,1
 d nde quedaron los gigantes tecnol gicos en el listado anual de forbes https t co 348aicft1g ,0.0,0.0,neutral,0.0,1.0,0.0,0.0,94,17,1
 microsoft ,0.0,0.0,neutral,0.0,1.0,0.0,0.0,11,1,1
has anyone from hu25 been able to log into their microsoft office 365 account ,0.5,0.625,neutral,0.0,1.0,0.0,0.0,78,14,1
 with the project accelerator in microsoftproject for the web,0.0,0.0,neutral,0.0,1.0,0.0,0.0,61,9,1
 https t co fmw541m8fd b https t co k4l9hxrwbh ,0.0,0.0,neutral,0.0,1.0,0.0,0.0,47,9,1
 shannon liao i would let it sit on the title screen for several minutes before starting the game i encountered a https t co c2fs0dlpxa ,-0.1333333333333333,0.1666666666666666,neutral,0.0,1.0,0.0,0.0,136,25,1
be more productive with microsoft teams save time with your own handout of teams keyboard shortcuts available at https t co walrsd7cab ,0.5,0.6333333333333333,positive,0.0,1.0,0.0,0.0,135,22,1
 msbuild 1 1 https t co pravbpo2bz ,0.0,0.0,neutral,0.0,1.0,0.0,0.0,35,7,1
i won 5 achievements in mahjong by microsoft mobile for 290 points on trueachievements https t co x5bp3vxkvj ,0.0,0.0,positive,0.0,1.0,0.0,0.0,109,18,1
microsoft siri google ,0.0,0.0,neutral,0.0,1.0,0.0,0.0,22,3,1
 lyssa tv because the rollback system isn t part of microsoft s true skill system so it can t be coded into the confidence matrix ,0.35,0.65,positive,0.0,1.0,0.0,0.0,130,25,1
 sas debuts a new containerized release of the viya analytics and data management platform that for the first time is cl ,0.1931818181818181,0.3939393939393939,neutral,0.0,1.0,0.0,0.0,121,21,1
 gameauras this was such a weird aesthetic for the microsoft that they never really went back to this weird industrial computer vibe ,-0.22,0.54,negative,0.0,1.0,0.0,0.0,133,22,1
 dhxzz para mim nem essa a quest o de ter apenas halo,0.0,0.0,neutral,0.0,1.0,0.0,0.0,53,12,1
 artificial intelligence amp advanced machine learning market is booming worldwide ibm microsoft google investments re ,-0.0999999999999999,0.8,positive,0.0,1.0,0.0,0.0,119,15,1
 kryptobot2077 dogecoinrise elonmusk a nasa j foi hackeada com um pc de us 35 ,0.0,0.0,neutral,0.0,1.0,0.0,0.0,78,14,1
 o google j foi hackeado ficou fora do ar e em seu lugar apareceu uma i ,0.0,0.0,neutral,0.0,1.0,0.0,0.0,72,16,1
 a more inclusive and accessible reading experience is now available in powerpoint for the web,0.425,0.425,neutral,0.0,1.0,0.0,0.0,94,15,1
 teams gt microsoft group transcribe https t co jdlgja1k9r,0.0,0.0,positive,0.0,1.0,0.0,0.0,58,9,1
 trueblue designs the future of artificial intelligence and analytics for healthcare with aidea integrated with microsoft d ,-0.3,0.5625,positive,0.0,1.0,0.0,0.0,124,17,1
 jenmsft hahaha,0.2,0.4,positive,0.0,1.0,0.0,0.0,15,2,1
 fr1ng3 gothamknights have never owned an xbox,0.0,0.0,neutral,0.0,1.0,0.0,0.0,46,7,1
 bust out your notebook cause it s time to learn some lineups learn how to play sova on icebox from officialxeta himself in ,0.0,0.0,positive,0.0,1.0,0.0,0.0,124,23,1
 such great news to wake up to made by dyslexia partnered with microsoft to develop a free 2 hour dyslexia awareness ,0.4000000000000001,0.6833333333333332,positive,0.0,1.0,0.0,0.0,117,21,1
 paper core microsoft sans serif ,0.0,0.0,neutral,0.0,1.0,0.0,0.0,33,5,1
 schwi carinhoso arriscou em fazer ip s com o mesmo n vel de ambi o e or amento que halo,0.0,0.0,neutral,0.0,1.0,0.0,0.0,88,20,1
 marsglobal microsoft el director general y todo el equipo de liderazgo de marsglobal a n no ha tomado medidas pa https t co oxxluwxacd ,0.05,0.5,positive,0.0,1.0,0.0,0.0,136,24,1
 dive inside the human mind psychology degree optional but might give you an edge join the psychonauts today with xboxgamep ,0.0,0.1,positive,0.0,1.0,0.0,0.0,124,20,1
 new video gjost runner 2 microsoft mesh aims to bring holographic virtual collaboration to all tech data ht mikequindazzi https t co 74bz breaking blog from dawn to silent night darkside ransomware initial attack vector evolution microsoft exchange ,0.0454545454545454,0.1848484848484848,negative,0.0,1.0,0.0,0.0,250,38,1
 microsoft word twitter140 ,0.0,0.0,neutral,0.0,1.0,0.0,0.0,27,3,1
putting the final touches on my presentation for later today https t co k6hn5efpip https t co fmw541m8fd ,0.0,0.5,neutral,0.0,1.0,0.0,0.0,105,18,1
 b https t co k4l9hxrwbh ,0.0,0.0,neutral,0.0,1.0,0.0,0.0,25,5,1
 cybermdx announces membership in microsoft intelligent security association https t co t50fvb0lah msftadvocate msft4s ,0.8,0.9,positive,0.0,1.0,0.0,0.0,119,14,1
 te invitamos al foro qu es el sistema integral de justicia reparaci n y garant as de no repetici n y como este puede ,0.0,0.0,negative,0.0,1.0,0.0,0.0,118,24,1
 new video gjost runner 2 new video gjost runner 2 ,0.1363636363636363,0.4545454545454545,neutral,0.0,1.0,0.0,0.0,51,10,1
 a nasa j foi hackeada com um pc de us 35 o google j foi hackeado ficou fora do ar e em seu lugar apareceu uma i ,0.0,0.0,neutral,0.0,1.0,0.0,0.0,113,27,1
thinking of reporting my findings and report the bug to both microsoft and emacs it seems like a portability issue https t co xfvf296tct ,0.0,0.0,positive,0.0,1.0,0.0,0.0,137,24,1
can someone please add the microsoft windows shut down sound effect to this please https t co sh1eqkyrh8 ,0.1222222222222222,0.3444444444444444,positive,0.0,1.0,0.0,0.0,105,18,1
 honestly thought this was just me https t co jsgelzxkco ,0.6,0.9,positive,0.0,1.0,0.0,0.0,57,10,1
iphone nokia microsoft android hp intel lenovo chevrolet just walk lipton oral b colgate signa https t co 4ppeiynhle ,0.0,0.0,neutral,0.0,1.0,0.0,0.0,117,19,1
 https t co fmw541m8fd b https t co k4l9hxrwbh ,0.0,0.0,neutral,0.0,1.0,0.0,0.0,47,9,1
 abcworldnews no money for electric cars pelosis state already mandating that all california will be mandated to https t co asg7ykb3hw ,0.0,0.0,negative,0.0,1.0,0.0,0.0,135,21,1
 https t co fmw541m8fd b https t co k4l9hxrwbh ,0.0,0.0,neutral,0.0,1.0,0.0,0.0,47,9,1
 bullx30 mvh deltagammaqueen the only controversy is how gotham is used,0.0,1.0,neutral,0.0,1.0,0.0,0.0,71,11,1
 introducing reading progress in microsoftteams a built in tool designed to help students build confidence inde ,0.0,0.0,positive,0.0,1.0,0.0,0.0,112,16,1
 a nasa j foi hackeada com um pc de us 35 o google j foi hackeado ficou fora do ar e em seu lugar apareceu uma i ,0.0,0.0,neutral,0.0,1.0,0.0,0.0,113,27,1
 trueblue designs the future of artificial intelligence and analytics for healthcare with aidea integrated with microsoft d ,-0.3,0.5625,positive,0.0,1.0,0.0,0.0,124,17,1
 nowthisnews but they have ordered more sophisticated ones from microsoft why do they show lower quality ones https t ,0.5,0.75,positive,0.0,1.0,0.0,0.0,118,19,1
how to recover your hotmail account https t co mwutkx3o95 emailpassword hotmailaccount microsoft https t co uzf0bhdyck ,0.0,0.0,neutral,0.0,1.0,0.0,0.0,119,17,1
 c private https t co n769wlbv1r ,0.0,0.375,neutral,0.0,1.0,0.0,0.0,33,6,1
 if your job makes you use microsoft teams,0.0,0.0,neutral,0.0,1.0,0.0,0.0,42,8,1
podem meter comandos com baterias e n o com pilhas estamos em 2021 xbox one xbox s ries s x xbox pt ptmicrosoft microsoft ,0.0,0.0,neutral,0.0,1.0,0.0,0.0,122,24,1
 a nasa j foi hackeada com um pc de us 35 o google j foi hackeado ficou fora do ar e em seu lugar apareceu uma i ,0.0,0.0,neutral,0.0,1.0,0.0,0.0,113,27,1
 samadeu algumas para a microsoft ,0.0,0.0,neutral,0.0,1.0,0.0,0.0,34,5,1
 microsoft edge ie ie11 edge ie https t co gci1qasqqi ,0.0,0.0,neutral,0.0,1.0,0.0,0.0,54,10,1
 c private https t co n769wlbv1r ,0.0,0.375,neutral,0.0,1.0,0.0,0.0,33,6,1
 sssssparkers did you get a new car to convey your love of microsoft teams https t co jmszfa5whv ,0.3181818181818182,0.5272727272727272,positive,0.0,1.0,0.0,0.0,97,18,1
microsoft s alex kipman confirms hololens consumer ar smartglasses being developed amp describes how it can happen https t co ob6gixxqdi,0.1,0.3,neutral,0.0,1.0,0.0,0.0,136,21,1
 nikola jokic und seine aktiven h nde in der defense der joker ist eher f r seine offense bekannt,0.0,0.0,positive,0.0,1.0,0.0,0.0,97,19,1
cortana https t co xo912nhkjc ,0.0,0.0,neutral,0.0,1.0,0.0,0.0,30,5,1
 hey we are continuing to invest in dsc and needed to make some changes take a look https t co 8irx01l4sf ,0.0,0.0,neutral,0.0,1.0,0.0,0.0,106,21,1
cisco to acquire indy startup socio to bring hybrid events to webex https t co wxt0nwwpy5 brand college offers https t co r0vc0lkl9c ,0.1,0.0,neutral,0.0,1.0,0.0,0.0,133,23,1
 microsoft cybersecurity reference architectures mcra is updated and available for download https t co huw6xo2nm8 http ,0.4,0.4,neutral,0.0,1.0,0.0,0.0,119,16,1
 hey excellers we have reached 300 awesome reviews in amazon for our 101 most popular excel formulas book we couldn ,0.7000000000000001,0.7999999999999999,positive,0.0,1.0,0.0,0.0,116,20,1
microsoft communicator white gray headband headsets ebay https t co i0izhdrmyk ,0.0,0.0,neutral,0.0,1.0,0.0,0.0,79,11,1
 know the holiday shipping and return policies for apple,0.0,0.0,positive,0.0,1.0,0.0,0.0,56,9,1
 in light of the recent cyber attacks on solarwinds,0.2,0.475,negative,0.0,1.0,0.0,0.0,51,9,1
 microsoft ,0.0,0.0,neutral,0.0,1.0,0.0,0.0,11,1,1
 teams gt microsoft group transcribe https t co jdlgja1k9r,0.0,0.0,positive,0.0,1.0,0.0,0.0,58,9,1
pongo get chrome en el internet explorer y microsoft llora edge https t co sm5yptz6ok ,0.0,0.0,neutral,0.0,1.0,0.0,0.0,86,15,1
https t co hfqwc8stcc ,0.0,0.0,neutral,0.0,1.0,0.0,0.0,22,4,1
 ltlatins louis tomlinson microsoft i vote louies for bestfanarmy at the iheartawards ,0.0,0.0,neutral,0.0,1.0,0.0,0.0,86,12,1
 umm why can i find the password i used to connect to a remote desktop service in cleartext in memory of rdp service first ,0.075,0.2666666666666666,neutral,0.0,1.0,0.0,0.0,123,24,1
 schwi carinhoso sim kkkk antigamente eu pensava diferente mas hoje eu j aceitei que a sony deu uma surra na micr https t co svog99jguw ,0.0,0.0,neutral,0.0,1.0,0.0,0.0,136,25,1
microsoft s marketing doesn t get enough credit they can sell ice to a eskimo https t co yqivym8or0 ,0.0,0.5,positive,0.0,1.0,0.0,0.0,100,19,1
 subnautica below zero j est dispon vel no gamepass j1bru oluwada77055977 e3waitfor2020 dino46314878 dimemnsions rmvnda i don t believe any of them just that s https t co eifm3dxr7s if your job makes you use microsoft teams zoom googo suite asana trello jira figma or toggl commit and push ,0.0,0.0,neutral,0.047,0.905,0.047,0.0,290,49,1
 https t co fmw541m8fd b https t co k4l9hxrwbh ,0.0,0.0,neutral,0.0,1.0,0.0,0.0,47,9,1
 mitre gartner forrester https t co 5cybcxg6io ,0.0,0.0,neutral,0.0,1.0,0.0,0.0,47,7,1
in light of the recent cyber attacks on solarwinds,0.2,0.475,negative,0.0,1.0,0.0,0.0,50,9,1
 teams gt microsoft group transcribe https t co jdlgja1k9r identity ,0.0,0.0,positive,0.0,1.0,0.0,0.0,68,10,1
 threat protection ,0.0,0.0,negative,0.0,1.0,0.0,0.0,19,2,1
 cloud security ,0.0,0.0,positive,0.0,1.0,0.0,0.0,16,2,1
 compliance ,0.0,0.0,neutral,0.0,1.0,0.0,0.0,12,1,1
the microsoft security technical content library is a coll ,0.0,0.1,positive,0.0,1.0,0.0,0.0,59,9,1
 when microsoft announce bitcoin on their balance sheet it will be a god like daily candle https t co 0vhagakpv4 ,0.0,0.0,positive,0.0,1.0,0.0,0.0,113,20,1
 microsoft teams suma una nueva funci n para los eventos en vivo https t co czru9mlort tecnolog a ,0.0,0.0,neutral,0.0,1.0,0.0,0.0,98,18,1
 accomplissez vos t ches avec l gance,0.0,0.0,neutral,0.0,1.0,0.0,0.0,37,7,1
 we re thrilled gartner has named microsoft a leader in the 2021 gartner magic quadrant for endpoint protection platforms,0.55,0.85,positive,0.0,1.0,0.0,0.0,121,19,1
 mhuyo you used to be able to just download a server client from their website but then microsoft bought mojang ,0.5,0.625,neutral,0.0,1.0,0.0,0.0,112,20,1
 restez connect e o que vous soyez gr ce surface pro x,0.0,0.0,neutral,0.0,1.0,0.0,0.0,54,12,1
 microsoft flight simulator msfs2020 https t co 9yuwqmbfcg youtube ,0.0,0.0,neutral,0.0,1.0,0.0,0.0,67,9,1
puzzled by the many pieces to microsoft powerpoint curious about new features let s create a customized training https t co yz9e32pqkh ,0.1787878787878788,0.6515151515151515,positive,0.0,1.0,0.0,0.0,135,22,1
 bernamsa1 metalheartmax eduardoadam3 soydanikyo y lo peor es que este mismo tipo de usuarios que dicen que micr https t co 086q3lyo9r ,0.0,0.0,neutral,0.0,1.0,0.0,0.0,135,22,1
 look at this map shows where the areas where the difficulty of reliably connecting to the internet has gotten bad enough t ,-0.3499999999999999,0.5833333333333333,negative,0.0,1.0,0.0,0.0,124,22,1
 sony fanboys we have the best spider man game nothing wrong with console exclusives microsoft should get better excl ,0.15,0.525,positive,0.0,1.0,0.0,0.0,118,19,1
 sony let the games do talking microsoft https t co lvywgaul3y ,0.0,0.0,neutral,0.0,1.0,0.0,0.0,63,11,1
 sam croese xbox chief good then microsoft did a favor for playstation ,0.7,0.6000000000000001,positive,0.0,1.0,0.0,0.0,71,12,1
 microsoft was named a bi leader for the fourteenth year in a row learn more in the gartner inc 2021 magic quadrant for ana ,0.5,0.75,neutral,0.0,1.0,0.0,0.0,124,24,1
 nanopolymath xcloudtimdog sony bethesda nice restaraunt you have here i would like to order these 2 products f https t co l4rdqp5b32 ,0.6,1.0,positive,0.0,1.0,0.0,0.0,134,22,1
 presidentglover fallout maybe but i do see the next elder scrolls being on all consoles with microsoft pushing ha https t co wam6hgpman ,0.0,0.0,positive,0.0,1.0,0.0,0.0,137,23,1
 as se siente tener planeado el pase de temporada de cod warzone y que llegue la quincena como si fuera una gran caja de ,0.0,0.0,neutral,0.0,1.0,0.0,0.0,121,24,1
 microsoft apple pc pc kaspersky microsoft ,0.0,0.0,neutral,0.0,1.0,0.0,0.0,43,6,1
 gannonbreslin https t co ojdwf14v2r ,0.0,0.0,neutral,0.0,1.0,0.0,0.0,37,5,1
9to5mac bloomberg the apple and microsoft rivalry is back here s why https t co s5q8qfxgsk via googlenews ,0.0,0.0,neutral,0.0,1.0,0.0,0.0,106,18,1
android police microsoft s folding surface duo is cheaper than the pixel 5 today https t co h47jed4mdx via googlenews ,0.0,0.0,neutral,0.0,1.0,0.0,0.0,118,20,1
 do you guys know about https t co 0px0lx2rn8 i just found out about it academicchatter openacademics ,0.0,0.0,neutral,0.0,1.0,0.0,0.0,102,17,1
 microsoft explains why minecraft runs at 720p on switch https t co zekuujxted https t co ww5shjthtf ,0.0,0.0,neutral,0.0,1.0,0.0,0.0,101,17,1
 defnotjourdan i m gonna disagree and agree at the same time i think sony or microsoft home growing a company tha https t co l22dogs2dd ,0.0,0.125,positive,0.0,1.0,0.0,0.0,136,25,1
the price keeps dropping and my interest keeps rising https t co hp0logwg2f ,0.0,0.0,positive,0.0,1.0,0.0,0.0,76,13,1
 tropico 4 for free now https t co e5wrcjghvy xboxlive gameswithgold xboxone https t co g4xzhck4p8 ,0.4,0.8,positive,0.0,1.0,0.0,0.0,99,16,1
 microsoft stream stream ,0.0,0.0,neutral,0.0,1.0,0.0,0.0,25,3,0
 xcloudtimdog microsoft could just tell sony to get fucked give them their money back and release the games as a mu https t co lzfyvi2koj ,-0.3,0.35,negative,0.0,1.0,0.0,0.0,138,25,0
 dividendgrowth phoenixvalue microsoft farmland partners verizon cvs ,0.0,0.0,neutral,0.0,1.0,0.0,0.0,69,7,0
microsoft to buy ai firm nuance communications in 19 7 billion deal by reuters https t co fyo7mtrukp ,-0.2,0.4,neutral,0.0,1.0,0.0,0.0,101,18,0
melinda gates been getting that microsoft all this time but imma give her that megahardddddd https t co 4301nrhkld ,0.0,0.0,neutral,0.0,1.0,0.0,0.0,115,19,0
 microsoft shut down its blockchain and built on bitcoin https t co uxucs0bekg ,-0.1555555555555555,0.2888888888888889,neutral,0.0,1.0,0.0,0.0,79,13,0
tropico 4 for free now https t co e5wrcjghvy xboxlive gameswithgold xboxone https t co g4xzhck4p8 ,0.4,0.8,positive,0.0,1.0,0.0,0.0,98,16,0
dungeons 3 for free now https t co je1lkbnn2p xboxlive gameswithgold xboxone https t co m6jkknzxxn ,0.4,0.8,positive,0.0,1.0,0.0,0.0,99,16,0
 edkenny21 bengrump starboyhsp phil spencer is a dumbass because he thinks that exclusive means multi platform s https t co z6cg6tinw1 ,0.0,0.0,negative,0.0,1.0,0.0,0.0,135,21,0
 the hacker news hackers using microsoft build engine to deliver malware filelessly https t co ps0movdkz4 via goog ,0.0,0.0,neutral,0.0,1.0,0.0,0.0,115,18,0
how cool to be able to touch digital objects intuitive physical interaction with a digital metaverse internet browsers market 2021 precise outlook google mozilla firefox apple alibaba microsoft opera software https t co nhimmobrln ,0.2083333333333333,0.3696428571428571,positive,0.0,1.0,0.0,0.0,231,34,0
new link for tonight s vocal music concert https t co cm26sbykki ,0.1363636363636363,0.4545454545454545,neutral,0.0,1.0,0.0,0.0,65,12,0
 microsoft probably you had better to choose the scope where to copy so ctrl a may be applied before the above https t co k5kkxu2i83 ,0.25,0.3,positive,0.0,1.0,0.0,0.0,133,25,0
https t co et3qzukyqh ,0.0,0.0,neutral,0.0,1.0,0.0,0.0,22,4,0
adepta do microsoft edge ,0.0,0.0,neutral,0.0,1.0,0.0,0.0,25,4,0
no hab a ocupado la app de office microsoft android para leer un pdf y s est buena ,0.0,0.0,negative,0.0,1.0,0.0,0.0,83,18,0
https t co 3eadhozuf5 ,0.0,0.0,neutral,0.0,1.0,0.0,0.0,22,4,0
vibz microsoft flight simulator becka er 3 3 this will remove the read only archive system and hidden file attribute from all the files we hop https t co cnorhot2kb ,-0.0833333333333333,0.6666666666666666,neutral,0.0,1.0,0.0,0.0,165,30,0
reneelab microsoft reset password windows 7 https t co p193exlgzv ,0.0,0.0,neutral,0.0,1.0,0.0,0.0,66,10,0
 marvel s avengers 8778 6600 10978 8800 https t co f8e81q7wiv https t co zamn8jx34 ,0.0,0.0,positive,0.0,1.0,0.0,0.0,83,15,0
 thedemoscout 2wayintrsctn elliotduby nobody expected banjo before microsoft announced their e3 schedule,-0.1,0.4,neutral,0.0,1.0,0.0,0.0,104,12,0
 se confirma que starfield,0.0,0.0,neutral,0.0,1.0,0.0,0.0,26,4,0
 soydanikyo microsoft no tiene exclusivos microsoft compra bethesda para tener m s exclusivo como van a hacer starfi ,0.0,0.0,negative,0.0,1.0,0.0,0.0,117,18,0
 jbulava i linux user vehemently despise windows minimalistic messages i did learn you can use the registry ed https t co bypujaxvgv ,0.0,0.0,negative,0.0,1.0,0.0,0.0,133,22,0
 vicam33 yuiojhn ohsnapitysnapz jeffgrubb don t care bro,0.0,0.0,positive,0.0,1.0,0.0,0.0,56,8,0
connect salesforce and msexcel to get the best of both worlds the security and collaboration of salesforce and t https t co ov8ld5dqif ,1.0,0.3,positive,0.0,1.0,0.0,0.0,135,23,0
 starfield ser exclusivo de microsoft y para la tranquilidad de muchos preocupados ,0.0,0.0,neutral,0.0,1.0,0.0,0.0,83,12,0
 whoizaziz craxusfang anth0ny aguilar xcloudtimdog sony xbox bethesda bethesdastudios a 2 trillion dollar co https t co dnwfbs7aqu ,0.0,0.0,neutral,0.0,1.0,0.0,0.0,131,18,0
 logics is offering a new 2 day hackathon event mon may 17 amp wed may 19 2 30 4 30 est bring us into your high school ,0.1481818181818182,0.4972727272727272,neutral,0.0,1.0,0.0,0.0,119,27,0
 accelerating towards a more inclusive society with ai and blockchain in a career spanning 26 years samiranhas held leadershi ,0.5,0.5,neutral,0.0,1.0,0.0,0.0,126,19,0
 minebiologo that s literally what i keep saying some default wordart or microsoft font or something they even sa https t co 1fipjuwip7 ,0.0,0.0,neutral,0.0,1.0,0.0,0.0,136,23,0
kdnuggets news 21 n17,0.0,0.0,neutral,0.0,1.0,0.0,0.0,21,4,0
 if any large company wants to get a foot ahead of the competition they need to acceptdoge now before they are in the ,0.2071428571428571,0.2642857142857143,neutral,0.0,1.0,0.0,0.0,118,23,0
 accelerating towards a more inclusive society with ai and blockchain in a career spanning 26 years samiranhas held leadershi ,0.5,0.5,neutral,0.0,1.0,0.0,0.0,126,19,0
 anth0ny aguilar xcloudtimdog sony xbox bethesda bethesdastudios first of all there s nothing to sue over the https t co dbpbko6sl4 ,0.25,0.3333333333333333,neutral,0.0,1.0,0.0,0.0,132,21,0
 sony let the games do talking microsoft https t co lvywgaul3y ,0.0,0.0,neutral,0.0,1.0,0.0,0.0,63,11,0
 villaincomplex i ve updated my computer ,0.0,0.0,neutral,0.0,1.0,0.0,0.0,41,6,0
 microsoft stream stream ,0.0,0.0,neutral,0.0,1.0,0.0,0.0,25,3,0
 microsoft explains why minecraft runs at 720p on switch https t co zekuujxted https t co ww5shjthtf ,0.0,0.0,neutral,0.0,1.0,0.0,0.0,101,17,0
 zaydtn reemalzaben ainajkhan we don t illegal migrant like muslim s we go legally they love us half of indians https t co kmtdtbd4yj ,0.0083333333333333,0.3666666666666666,positive,0.0,1.0,0.0,0.0,134,24,0
so i have a shitload of microsoft rewards points which i used to buy a 10 gift card which i used to buy a 1 subsc https t co h3gpz2wa06 ,0.0,0.0,positive,0.0,1.0,0.0,0.0,136,30,0
 microsoft shut down its blockchain and built on bitcoin https t co uxucs0bekg ,-0.1555555555555555,0.2888888888888889,neutral,0.0,1.0,0.0,0.0,79,13,0
 sony let the games do talking microsoft https t co lvywgaul3y ,0.0,0.0,neutral,0.0,1.0,0.0,0.0,63,11,0
how to ensure governance automation in microsoft azure https t co zndqlqejzv https t co qznpum7ts1 ,0.0,0.0,positive,0.0,1.0,0.0,0.0,99,16,0
 ad brand new microsoft xbox series x 1tb video game console black https t co 0kyn4ijnrp https t co 4odqwprkrd ,-0.1434343434343434,0.4292929292929293,neutral,0.0,1.0,0.0,0.0,111,20,0
the hacker news hackers using microsoft build engine to deliver malware filelessly https t co ps0movdkz4 via googlenews ,0.0,0.0,neutral,0.0,1.0,0.0,0.0,120,18,0
 midilaurence yvespdb la france travaille avec microsoft sur la sant elle aurait pu choisir des acteurs europ en https t co 2gioxsvnnb ,0.0,0.0,negative,0.0,1.0,0.0,0.0,135,22,0
 bethesda being bought by microsoft is a huge win for all xbox owners and pc gamers https t co yezjtvtsgw ,0.6000000000000001,0.65,positive,0.0,1.0,0.0,0.0,106,20,0
hootsuite announces new integration with microsoft dynamics 365 https t co smeicuc4hu ,0.1363636363636363,0.4545454545454545,positive,0.0,1.0,0.0,0.0,86,12,0
bloomberg the apple and microsoft rivalry is back,0.0,0.0,neutral,0.0,1.0,0.0,0.0,49,8,0
 starboyhsp you did state xbox exclusive but steam isn t an xbox nor a microsoft owned platform https t co yybgjizjts ,0.0,0.0,positive,0.0,1.0,0.0,0.0,118,21,0
 just blogged https t co vuwpxxzzlc core project folder amp files structure programmer programming dotnetforall 100d ,0.0,0.0,neutral,0.0,1.0,0.0,0.0,117,16,0
 just blogged https t co vuwpxxzzlc core project folder amp files structure programmer programming dotnetforall 100d ,0.0,0.0,neutral,0.0,1.0,0.0,0.0,117,16,0
 just blogged https t co vuwpxxzzlc core project folder amp files structure programmer programming dotnetforall 100d ,0.0,0.0,neutral,0.0,1.0,0.0,0.0,117,16,0
just blogged https t co vuwpxxzzlc core project folder amp files structure programmer programming dotnetforall https t co vh4ixzeewd,0.0,0.0,neutral,0.0,1.0,0.0,0.0,132,19,0
 pendiri microsoft dan langganan daftar teratas orang terkaya di dunia ini kadang melakukan hal hal tak lazim apa saja ht ,0.0,0.0,neutral,0.0,1.0,0.0,0.0,122,20,0
 greenmoat netflix has well over 200 million subs now if microsoft were to get half that that would be a huge deal ,0.1166666666666667,0.5333333333333333,positive,0.0,1.0,0.0,0.0,115,22,0
 https t co fmw541m8fd b https t co k4l9hxrwbh ,0.0,0.0,neutral,0.0,1.0,0.0,0.0,47,9,0
 joebudden joe you ain t really send the accounting in a microsoft word document puff taught you good didn t he ,0.4499999999999999,0.4,positive,0.0,1.0,0.0,0.0,112,21,0
 destiny thememe i had a ton of frame drop on my pc but then i found out it was actually caused by one of microsoft https t co 5qilfrhdnb ,0.0,0.1,negative,0.0,1.0,0.0,0.0,138,29,0
this article shows how easy it is to use circleci to run your testcafe tests using google chrome,0.4333333333333333,0.8333333333333334,positive,0.0,1.0,0.0,0.0,96,18,0
ya que todo se puede why not viv 6 a os en florida domino el ingles y el espa ol puedo usar cualqui https t co grwpql7w3j ,0.0,0.0,neutral,0.0,1.0,0.0,0.0,122,27,0
microsoft corp msft surprised the market with q1 result morgan stanley changed the rating to underperform,0.1,0.9,positive,0.0,1.0,0.0,0.0,105,16,0
 https t co fmw541m8fd b https t co k4l9hxrwbh ,0.0,0.0,neutral,0.0,1.0,0.0,0.0,47,9,0
 rick o say mcuban microsoft ,0.0,0.0,neutral,0.0,1.0,0.0,0.0,29,5,0
 https t co fmw541m8fd b https t co k4l9hxrwbh ,0.0,0.0,neutral,0.0,1.0,0.0,0.0,47,9,0
 microsoft build 5 26 28 ,0.0,0.0,neutral,0.0,1.0,0.0,0.0,25,5,0
 dplorablegrzyb1 jimmynolen4 that and the microsoft stock ,0.0,0.0,neutral,0.0,1.0,0.0,0.0,58,7,0
 11 google dorks for search microsoft excel and microsoft word files containing juicy information osint dorking google ,0.0,0.0,positive,0.0,1.0,0.0,0.0,119,17,0
 xmikegaming jeffgrubb jay r0ck microsoft is an afterthought all third party sells best on playstation and even https t co ylbrevabfx ,0.5,0.15,positive,0.0,1.0,0.0,0.0,134,21,0
 microsoft execs look to remove bill gates after reports of company relationships wsj https t co pwt2r7omoc ,0.0,0.0,neutral,0.0,1.0,0.0,0.0,108,17,0
 just in microsoft board members decided bill gates needed to leave the board in 2020 due to prior relationship with staff ,-0.0625,0.1875,negative,0.0,1.0,0.0,0.0,123,21,0
 members of the board tasked with the matter hired a law firm to conduct an investigation in late 2019 after a microsoft eng ,-0.25,0.5,positive,0.0,1.0,0.0,0.0,125,23,0
 eduardo27308749 javisbarm pusistes bien tu cuenta de microsoft ,0.0,0.0,neutral,0.0,1.0,0.0,0.0,64,8,0
 rt csa dvillamizar rt alkayalwajdi looking for mr gates pursued women who worked for him at microsoft and the bill and melinda gates foundation ,0.0,0.0,neutral,0.0,1.0,0.0,0.0,145,24,0
a bit satisfying ,0.5,1.0,positive,0.0,1.0,0.0,0.0,17,3,0
 microsoft directors decided bill gates needed to leave board dj ,0.0,0.0,negative,0.0,1.0,0.0,0.0,65,10,0
 2019 https t co fqq2djd0tg ,0.0,0.0,neutral,0.0,1.0,0.0,0.0,28,5,0
 bill gates reported left microsoft s board amid probe into relationship with staffer https t co qrdnyxdpnh ,0.0,0.0,neutral,0.0,1.0,0.0,0.0,108,17,0
damn cancel culture got poor bill twice in one month https t co oulnfyavld via cnet microsoft cancelculture ,-0.4,0.6,negative,0.0,1.0,0.0,0.0,108,18,0
 adriennelaw melinda gets microsoft bill gets clippy ,0.0,0.0,neutral,0.0,1.0,0.0,0.0,53,7,0
 wsj microsoft directors started an investigation in 2019 into allegations by a female staffer of a sexual relationship w ,0.25,0.5,neutral,0.0,1.0,0.0,0.0,122,19,0
 pengesahan dua langkah adalah benteng terakhir bagi mengelakkan dari isu penggodaman saya galakkan anda untuk memuat tur ,0.0,0.0,neutral,0.0,1.0,0.0,0.0,122,17,0
 microsoft execs look to remove bill gates after reports of company relationships wsj https t co fkfm7ry3hv ,0.0,0.0,neutral,0.0,1.0,0.0,0.0,108,17,0
 just in microsoft board members decided bill gates needed to leave the board in 2020 due to prior relationship with staff ,-0.0625,0.1875,negative,0.0,1.0,0.0,0.0,123,21,0
 just in microsoft board members decided bill gates needed to leave the board in 2020 due to prior relationship with staff ,-0.0625,0.1875,negative,0.0,1.0,0.0,0.0,123,21,0
microsoft board members thought bill gates should resign over relationship with staffer report https t co teonm2xg9t ,0.0,0.0,negative,0.0,1.0,0.0,0.0,117,17,0
 just in microsoft board members decided bill gates needed to leave the board in 2020 due to prior relationship with staff ,-0.0625,0.1875,negative,0.0,1.0,0.0,0.0,123,21,0
 mr gates pursued women who worked for him at microsoft and the bill and melinda gates foundation a bit satisfying ,0.5,1.0,positive,0.0,1.0,0.0,0.0,115,20,0
would love to see microsoft can all the 343 execs live at e3 not even notifying them beforehand have them all in t https t co yotoeprdhu ,0.3181818181818182,0.55,positive,0.0,1.0,0.0,0.0,137,27,0
 the real reason billgates got kicked out of microsoft https t co 4t9a2e1kqb ,0.2,0.3,neutral,0.0,1.0,0.0,0.0,77,13,0
 jimmlahey barstoolsports barstoolphilly won t ever catch me on microsoft ,0.0,0.0,positive,0.0,1.0,0.0,0.0,74,10,0
 whelllllp xeni and a relationship with epstein longer than described https t co 0k1q8sbmnx ,0.0,0.0,neutral,0.0,1.0,0.0,0.0,92,14,0
 update bill gates admits to affair that triggered microsoft probe https t co q3en3p348x ,0.0,0.0,positive,0.0,1.0,0.0,0.0,89,14,0
 los directores de microsoft mfst decidieron que bill gates deb a dejar la junta debido a una relaci n ntima inapropi ,0.0,0.0,neutral,0.0,1.0,0.0,0.0,118,21,0
are you upgrading to microsoft 365 bring a productivity speaker amp microsoft certified trainer to your next meeting https t co crjpvufubg,0.0,0.0,neutral,0.0,1.0,0.0,0.0,138,22,0
 just in microsoft board members decided bill gates needed to leave the board in 2020 due to prior relationship with staff ,-0.0625,0.1875,negative,0.0,1.0,0.0,0.0,123,21,0
 wsj exclusive microsoft directors started an investigation in 2019 into allegations by a female staffer of a sexual relat ,0.25,0.5,positive,0.0,1.0,0.0,0.0,123,19,0
 mattswider are you able to buy from microsoft on mobile ,0.5,0.625,neutral,0.0,1.0,0.0,0.0,57,10,0
 rt wajdialkayal infrastructure used by wsj reports bill gates allegedly had an inappropriate romantic relationship with a female microsoft employee https t co fn7 members of the board tasked with the matter hired a law firm to conduct an investigation in late 2019 after a microsoft eng ,-0.12,0.3533333333333333,positive,0.0,1.0,0.0,0.0,288,47,0
 just in microsoft board members decided bill gates needed to leave the board in 2020 due to prior relationship with staff ,-0.0625,0.1875,negative,0.0,1.0,0.0,0.0,123,21,1
 just in microsoft board members decided bill gates needed to leave the board in 2020 due to prior relationship with staff ,-0.0625,0.1875,negative,0.0,1.0,0.0,0.0,123,21,1
 just in microsoft board members decided bill gates needed to leave the board in 2020 due to prior relationship with staff ,-0.0625,0.1875,negative,0.0,1.0,0.0,0.0,123,21,1
i won 2 achievements in mahjong by microsoft mobile for 64 points on trueachievements https t co ftd2tizuhi ,0.0,0.0,positive,0.0,1.0,0.0,0.0,108,18,1
 mr gates pursued women who worked for him at microsoft and the bill and melinda gates foundation a bit satisfying ,0.5,1.0,positive,0.0,1.0,0.0,0.0,115,20,1
 latest microsoft s directors started a probe into bill gates s alleged involvement with a female employee that was deemed in ,0.1333333333333333,0.3888888888888889,neutral,0.0,1.0,0.0,0.0,126,21,1
 just in microsoft board members decided bill gates needed to leave the board in 2020 due to prior relationship with staff ,-0.0625,0.1875,negative,0.0,1.0,0.0,0.0,123,21,1
 mr gates pursued women who worked for him at microsoft and the bill and melinda gates foundation a bit satisfying ,0.5,1.0,positive,0.0,1.0,0.0,0.0,115,20,1
 wsj exclusive microsoft directors started an investigation in 2019 into allegations by a female staffer of a sexual relat ,0.25,0.5,positive,0.0,1.0,0.0,0.0,123,19,1
 wsj exclusive microsoft directors started an investigation in 2019 into allegations by a female staffer of a sexual relat ,0.25,0.5,positive,0.0,1.0,0.0,0.0,123,19,1
 microsoft founder bill gates departure from the board in 2020 was due to an investigation into an alleged relationship w ,-0.1125,0.2375,neutral,0.0,1.0,0.0,0.0,122,20,1
 wsj exclusive microsoft directors started an investigation in 2019 into allegations by a female staffer of a sexual relat ,0.25,0.5,positive,0.0,1.0,0.0,0.0,123,19,1
 just in microsoft board members thought bill gates should resign over relationship with female employee report https t co ,0.0,0.1666666666666666,negative,0.0,1.0,0.0,0.0,123,19,1
 scottmstedman hmm,0.0,0.0,neutral,0.0,1.0,0.0,0.0,18,2,1
 just in microsoft board members thought bill gates should resign over relationship with female employee report https t co ,0.0,0.1666666666666666,negative,0.0,1.0,0.0,0.0,123,19,1
 just in microsoft board members decided bill gates needed to leave the board in 2020 due to prior relationship with staff ,-0.0625,0.1875,negative,0.0,1.0,0.0,0.0,123,21,1
 just in microsoft board members decided bill gates needed to leave the board in 2020 due to prior relationship with staff ,-0.0625,0.1875,negative,0.0,1.0,0.0,0.0,123,21,1
 from education policy to intellectual property and vaccines,0.3,0.4,positive,0.0,1.0,0.0,0.0,60,8,1
 microsoft execs look to remove bill gates after reports of company relationships wsj https t co pwt2r7omoc ,0.0,0.0,neutral,0.0,1.0,0.0,0.0,108,17,1
 microsoft msft board members reportedly decided that bill gates needed to step down from the board of directors in 2020 ,-0.1555555555555555,0.2888888888888889,neutral,0.0,1.0,0.0,0.0,121,20,1
 just in microsoft board members decided bill gates needed to leave the board in 2020 due to prior relationship with staff ,-0.0625,0.1875,negative,0.0,1.0,0.0,0.0,123,21,1
 orlandoyaeltap1 javisbarm tal vez no pusistes bien tu cuenta de microsoft ,0.0,0.0,negative,0.0,1.0,0.0,0.0,75,11,1
 exclusive the breakup of bill and melinda gates s marriage is shedding new light on an open secret within microsoft and h ,0.034090909090909,0.5886363636363636,positive,0.0,1.0,0.0,0.0,123,22,1
 microsoft board members wanted gates gone in 2019 after investigation into sexual relationship https t co v0mnjrchpm ,0.5,0.8333333333333334,neutral,0.0,1.0,0.0,0.0,118,17,1
microsoft azure ,0.0,0.0,neutral,0.0,1.0,0.0,0.0,16,2,1
 microsoft exchange 500 https t co sp0afzuwlu ,0.0,0.0,neutral,0.0,1.0,0.0,0.0,46,7,1
 deliver new intelligent cloud native applications by harnessing the power of data and ai and run them anywhere learn how ,0.4681818181818182,0.6772727272727272,positive,0.0,1.0,0.0,0.0,122,20,1
 just in microsoft board members thought bill gates should resign over relationship with female employee report https t co ,0.0,0.1666666666666666,negative,0.0,1.0,0.0,0.0,123,19,1
 update bill gates admits to affair that triggered microsoft probe https t co q3en3p348x ,0.0,0.0,positive,0.0,1.0,0.0,0.0,89,14,1
 just in microsoft board members decided bill gates needed to leave the board in 2020 due to prior relationship with staff ,-0.0625,0.1875,negative,0.0,1.0,0.0,0.0,123,21,1
 bill gates resigned from microsoft board in 2020 amid investigation into affair with female staffer which was deemed inappr ,0.0,0.1666666666666666,negative,0.0,1.0,0.0,0.0,125,19,1
 ver fs2004 w rt ms https t co hkogmlqt5f ,0.0,0.0,neutral,0.0,1.0,0.0,0.0,42,9,1
 microsoft directors had gates investigated for relationship dj ,0.0,0.0,neutral,0.0,1.0,0.0,0.0,64,8,1
microsoft s directors started a probe into bill gates s alleged involvement with a female employee that was deemed https t co aeolm7qry2 ,-0.05,0.1333333333333333,neutral,0.0,1.0,0.0,0.0,137,23,1
 just in microsoft board members thought bill gates should resign over relationship with female employee report https t co ,0.0,0.1666666666666666,negative,0.0,1.0,0.0,0.0,123,19,1
 just in microsoft board members decided bill gates needed to leave the board in 2020 due to prior relationship with staff ,-0.0625,0.1875,negative,0.0,1.0,0.0,0.0,123,21,1
 just in microsoft board members decided bill gates needed to leave the board in 2020 due to prior relationship with staff ,-0.0625,0.1875,negative,0.0,1.0,0.0,0.0,123,21,1
 disclosetv so,0.0,0.0,neutral,0.0,1.0,0.0,0.0,14,2,1
 ms microsoft windows macos chromeos ubuntu ,0.0,0.0,neutral,0.0,1.0,0.0,0.0,44,6,1
 superkikachu meu mmo dos sonhos pena que a microsoft desconhece a exist ncia dele ,0.0,0.0,neutral,0.0,1.0,0.0,0.0,83,14,1
 just in microsoft board members decided bill gates needed to leave the board in 2020 due to prior relationship with staff ,-0.0625,0.1875,negative,0.0,1.0,0.0,0.0,123,21,1
 just in microsoft board members decided bill gates needed to leave the board in 2020 due to prior relationship with staff ,-0.0625,0.1875,negative,0.0,1.0,0.0,0.0,123,21,1
 just in microsoft board members decided bill gates needed to leave the board in 2020 due to prior relationship with staff ,-0.0625,0.1875,negative,0.0,1.0,0.0,0.0,123,21,1
 microsoft board members decided bill gates needed to resign from its board in 2020 as it pursued an investigation into a ,0.0,0.0,negative,0.0,1.0,0.0,0.0,122,21,1
bill gates resigned from microsoft board in 2020 after female staffer claimed they had affair https t co aiuiqynkqb ,0.0,0.1666666666666666,negative,0.0,1.0,0.0,0.0,116,19,1
 news keeps on getting worse microsoft board members began an investigation in 2019 into a woman s allegations of prior ,-0.2,0.3,negative,0.0,1.0,0.0,0.0,120,20,1
the real reason billgates got kicked out of microsoft https t co 4t9a2e1kqb ,0.2,0.3,neutral,0.0,1.0,0.0,0.0,76,13,1
 just in microsoft board members decided bill gates needed to leave the board in 2020 due to prior relationship with staff ,-0.0625,0.1875,negative,0.0,1.0,0.0,0.0,123,21,1
 disclosetv so,0.0,0.0,neutral,0.0,1.0,0.0,0.0,14,2,1
 azure health bot empowers developers in healthcare organizations to build and deploy artificial intelligence ai powered ,-0.6,1.0,positive,0.0,1.0,0.0,0.0,121,16,1
 just in microsoft board members decided bill gates needed to leave the board in 2020 due to prior relationship with staff ,-0.0625,0.1875,negative,0.0,1.0,0.0,0.0,123,21,1
 just in microsoft board members thought bill gates should resign over relationship with female employee report https t co ,0.0,0.1666666666666666,negative,0.0,1.0,0.0,0.0,123,19,1
 microsoft execs look to remove bill gates after reports of company relationships wsj https t co fkfm7ry3hv ,0.0,0.0,neutral,0.0,1.0,0.0,0.0,108,17,1
 just in microsoft board members decided bill gates needed to leave the board in 2020 due to prior relationship with staff ,-0.0625,0.1875,negative,0.0,1.0,0.0,0.0,123,21,1
 bill gates resigned from microsoft board in 2020 amid investigation into affair with female staffer which was deemed inappr ,0.0,0.1666666666666666,negative,0.0,1.0,0.0,0.0,125,19,1
 among our findings gates asked microsoft and foundation subordinates out on dates his money manager was accused of s ,0.0,0.0,negative,0.0,1.0,0.0,0.0,118,19,1
 bill gates resigned from microsoft board in 2020 amid investigation into affair with female staffer which was deemed inappr ,0.0,0.1666666666666666,negative,0.0,1.0,0.0,0.0,125,19,1
 microsoft execs look to remove bill gates after reports of company relationships wsj https t co fkfm7ry3hv ,0.0,0.0,neutral,0.0,1.0,0.0,0.0,108,17,1
 sources microsoft s board decided in 2020 gates should leave the board as it probed claims gates sought to initiate an affai ,0.0,0.0,negative,0.0,1.0,0.0,0.0,126,22,1
 bill gates resigned from microsoft board in 2020 amid investigation into affair with female staffer which was deemed inappr ,0.0,0.1666666666666666,negative,0.0,1.0,0.0,0.0,125,19,1
 just in microsoft board members decided bill gates needed to leave the board in 2020 due to prior relationship with staff ,-0.0625,0.1875,negative,0.0,1.0,0.0,0.0,123,21,1
 wsj exclusive microsoft directors started an investigation in 2019 into allegations by a female staffer of a sexual relat ,0.25,0.5,positive,0.0,1.0,0.0,0.0,123,19,1
 ms microsoft windows macos chromeos ubuntu ,0.0,0.0,neutral,0.0,1.0,0.0,0.0,44,6,1
i m gonna be honest how we ever worked without a cloud based document system as professionals is mind blowing gr https t co bxib1fypjn ,0.6,0.9,positive,0.0,1.0,0.0,0.0,135,25,1
 microsoft board members wanted gates gone in 2019 after investigation into sexual relationship https t co x2uowde1kp ,0.5,0.8333333333333334,neutral,0.0,1.0,0.0,0.0,118,17,1
 via wsj microsoft board members decided that bill gates needed to step down from its board in 2020 as they pursued an inv ,-0.1555555555555555,0.2888888888888889,neutral,0.0,1.0,0.0,0.0,123,23,1
 latest microsoft s directors started a probe into bill gates s alleged involvement with a female employee that was deemed in ,0.1333333333333333,0.3888888888888889,neutral,0.0,1.0,0.0,0.0,126,21,1
 word 1 200 https t co afxtumx0dd microsoft word https t co t9tw2u3gxy ,0.0,0.0,neutral,0.0,1.0,0.0,0.0,71,13,1
